lakecode,lakename,continent,country,state,IntermittentIceCover,Latitude_dd,Longitude_dd,Elevation_m,MeanAnnualAirTemp_c,SurfaceArea_km2,MeanDepth_m,MaximumDepth_m,Volume_mcm,WatershedArea_km2,ShorelineLength_km,ResidenceTime_days,MeanDischarge_m3_sec,Slope_degrees,ShorelineDevelopment,JFMCloudCover_perc,JFMPrecipitation_mm,DistanceToCoast_km,MaximumDistanceToLand_km
ARAI1,LAKE SUWA,A,Japan,NAGANO PREFECTURE,Y,36.04871506,138.0837098,759,8.419309093,12.9,4.7,7.6,99.82,525.3,18,65.7,17.589,2.76,1.19,60.47642378,155.8487828,104.08,1.6
ASK01,LAKE MJOSA - KISA-KAPP,E,Norway,,Y,60.7709675,11.0239687,121,4.042682998,365,153,449,29025.4,16679.6,340.3,1216.6,276.143,8.39,5.03,61.03252141,101.6243921,97.84,3.8
BB1,MERCER,N,United States,WI,N,46.15989217,-90.05923505,482.2,4.038617955,0.745,3.35,7.32,2.68,278.4,6.08,6.2,4.965,1.74,1.99,67.19105849,95.45366006,897.32,0.4
BB2,TURTLE FLAMBEAU FLOWAGE,N,United States,WI,N,46.07498711,-90.1374156,479.15,4.038617955,54.8,4.9,15.2,294.8,1536.6,247.26,143.8,23.727,1.5,8.98,67.19105849,95.45366006,907.9,1.5
BIR1,LAKE BALATON,E,Hungary,,Y,46.88183838,17.83831935,104,10.79044734,596,3,11.2,1900,5746.8,195,1024.1,21.474,,2.39,72.1130091,100.0585387,304.09,6
CFM1,LAKE HILBERT,N,United States,WI,N,45.70807149,-88.41238406,447,4.813008215,1.13,2.74,9.75,6.22,7,7.32,1160.3,0.062,3.96,2.01,70.70487948,96.88536767,844.91,0.4
DD01,SAND LAKE,N,United States,WI,N,45.92,-92.18,,6.10873995,3.755,6.4,15.24,,,,,,,,67.43658661,71.99024504,1035.92,
DML1,LEJ DA SAN MUREZZAN,E,Switzerland,GRISONS,N,46.49367459,9.846736107,1768,0.64532522,0.78,25,44,4.56,162.4,3.8,9.2,5.768,9.44,1.41,61.44471677,434.9585448,215.97,0.3
DML2,LEJ DA SILVAPLAUNA,E,Switzerland,GRISONS,N,46.44743476,9.793260223,1790.5,0.64532522,2.7,47,77,34.81,125.6,7.42,90.1,4.471,9.11,1.38,61.44471677,434.9585448,218.68,0.6
DML3,LEJ DA SEGL,E,Switzerland,GRISONS,N,46.42035333,9.738537012,1797,0.64532522,4.1,33.5,71,77.78,73.1,14.37,344,2.617,11.03,2.09,61.44471677,434.9585448,218.98,0.7
DMR1,LAKE MENDOTA,N,United States,WI,N,43.12837789,-89.42022411,259.1,7.564634289,39.377,12.8,25.3,197.4,640.1,33.8,377.8,6.047,2.61,2.16,68.92032679,116.0829285,1121.1,2.5
DMR2,LAKE MONONA,N,United States,WI,N,43.06709696,-89.36644349,257.5,7.564634289,13.24,8.2,22.5,88.59,729,20.9,149.6,6.856,2.36,1.61,68.92032679,116.0829285,1126.77,1.4
EC01,BASS-PATTERSON LAKE,N,United States,WI,N,45.9448744,-91.62915952,348,5.754065142,0.761,4.7,10.7,4.35,5.2,4.96,1006.2,0.05,2.76,1.45,67.81626148,72.44146457,1002.48,0.5
EK10,LAKE VATIANJARVI (1423),E,Finland,,N,62.46666667,25.88333333,89,3.350609803,6,4,28,,,25,,,,,71.39674923,87.15853792,201.79,
EK11,LAKE KOIVUJARVI (1425),E,Finland,,N,63.46666667,26.25,130,3.246544784,26,7,,,,88,,,,,69.59918833,82.35853766,144.46,
EK13,LAKE NILAKKA (1429),E,Finland,,N,63.13333333,26.55,102,3.375000049,163,6,27,,,356,,,,,69.64390378,82.36585592,176.38,
EK17,LAKE PETAJAVESI (1450),E,Finland,,N,62.23333333,25.2,111,3.696341517,12,5,26,,,73,,,,,71.44553009,82.6780502,187.88,
EK18,LAKE SALOSJARVI (1451),E,Finland,,N,62.11666667,25.2,102,3.696341517,8,4.46,13.4,,,,,,,,71.44553009,82.6780502,182.69,
EK20,LAKE JOUTSJARVI (1458),E,Finland,,N,61.51666667,25.83333333,86,3.681097642,11,,,,,42,,,,,68.75772501,99.06097731,111.86,
EK25,LAKE OULUJARVI (5932),E,Finland,,N,64.33333333,27.33333333,123,2.550000047,928,8,35,,,,,,,,70.1252046,74.88048888,108.35,
EK27,LAKE KIVIJARVI (1408),E,Finland,,N,63,25.16666667,118,3.050203312,154.026,8.36,43.78,,,,,,,,67.96178976,82.34634277,134.38,
EK3,LAKE KOLIMA (1405),E,Finland,,N,63.2783635,25.75716897,111,3.129878101,105,9,66,1264.41,1299.3,230,1380.2,10.603,2.33,5.18,69.14796897,82.16341608,136.48,2.8
EK9,LAKE KIIMASJARVI (1421),E,Finland,,N,62.62761325,25.49830156,107,3.316666731,4,9.1,19.5,31.29,1481.8,20,30.8,11.765,4.3,3.03,70.11870076,84.2780506,175.28,0.4
ETJ1,ANDERSON LAKE,N,United States,WI,N,46.17,-89.35,520,3.631910647,0.133,,19,,,,,,,,68.91138359,94.74390436,854.08,
GAH1,LAKE AUBURN,N,United States,ME,N,44.15068105,-70.25056502,79,6.244309059,8.89,4.7,,41.9,51.6,17.94,337.9,1.435,4.26,1.7,66.28618023,300.0219563,34.06,1.3
GAH10,KEZAR LAKE,N,United States,ME,N,44.1934099,-70.90120978,114,4.861178954,10.78,2.5,48,27.1,147.1,43.44,58.6,5.348,4.7,3.73,67.50731864,295.1024438,72.64,0.7
GAH11,MARANACOOK LAKE,N,United States,ME,N,44.34961978,-69.95481882,61,6.89715459,7,12.2,,85.17,87.6,31.43,414.2,2.38,4.75,3.35,65.96991975,287.2243951,30.25,0.7
GAH12,MESSALONSKEE LAKE,N,United States,ME,N,44.47680834,-69.79217088,69,6.89715459,15.18,9.6,35,145.9,459,53.04,138.9,12.156,3.13,3.84,65.96991975,287.2243951,41.13,1.5
GAH14,MOOSELOOKMEGUNTIC LAKE,N,United States,ME,N,44.93822091,-70.81333274,441,3.577642342,59.49,4,41,236.9,999.5,104.04,125.8,21.791,3.77,3.81,69.10813159,315.9146398,125,2.3
GAH15,PENNESSEEWASSEE (NORWAY) LAKE,N,United States,ME,N,44.23362539,-70.58779471,118,4.861178954,3.54,10,,35.41,60.6,17.94,222.6,1.841,4.79,2.69,67.50731864,295.1024438,56.89,0.4
GAH16,PONKAPOAG POND,N,United States,MA,N,42.19247613,-71.09534586,47,10.01260179,0.81,5,,4.05,4.9,3.98,360.1,0.13,3.29,1.24,64.72845657,305.1634187,13.04,0.6
GAH17,PONTOOSUC LAKE,N,United States,MA,N,42.49580119,-73.24762999,334,8.169918869,2.03,6.5,11,13.18,54.4,6.86,119.8,1.273,3.5,1.36,67.85935121,274.6390285,136.35,0.7
GAH18,PORTAGE LAKE,N,United States,ME,N,46.78790715,-68.53429874,183,3.30121958,9.24,8.1,,74.57,574.8,31.66,78.8,10.954,2.66,2.94,65.30650528,211.1439066,132.26,0.7
GAH2,AZISCOHOS LAKE,N,United States,ME,N,45.02761407,-71.00692285,456,4.336585464,25.71,15.4,18.288,396.2,548,82.59,394.3,11.629,6.58,4.59,68.89593667,246.7146378,142.23,0.9
GAH20,RICHARDSON LAKE,N,United States,ME,N,44.82672408,-70.86482964,436,3.577642342,28.81,5.6,,161.3,1226.9,67.47,69.1,27.003,5.42,3.55,69.10813159,315.9146398,117.6,1.3
GAH21,SEBAGO LAKE,N,United States,ME,Y,43.84484755,-70.56620232,80,7.498374149,118.75,4,33,473.6,1138.6,122.53,156.8,34.949,3.61,3.17,66.39593608,251.4219562,30.31,4.2
GAH22,SEBEC LAKE,N,United States,ME,N,45.27895438,-69.28187465,96,4.348780583,24.76,7.5,48,185,843.3,64.82,102.6,20.865,5.06,3.67,66.01788739,261.7195171,75.84,1.4
GAH23,SQUA PAN LAKE,N,United States,ME,N,46.56057412,-68.31544831,184,3.672154544,20.71,5.3,,110,177.1,55.84,335,3.801,3.39,3.46,64.10406612,193.7707343,160.5,1.1
GAH24,SUNAPEE LAKE,N,United States,NH,N,43.37603902,-72.05284452,335,6.692479796,15.77,3.2,32,50.4,119.8,45.63,258.3,2.258,5.84,3.24,67.61138361,254.6756143,112.82,1.1
GAH25,SWAN LAKE,N,United States,ME,N,44.54411246,-68.99475881,59,6.073374112,5.42,5.1,27,27.5,29.7,13.29,397.9,0.8,4.65,1.61,65.38536673,247.387809,10.67,0.9
GAH26,THOMPSON LAKE,N,United States,ME,N,44.06918379,-70.48948672,99,6.244309059,16.89,18.5,,313.05,124.6,43.52,980.6,3.695,5.48,2.99,66.28618023,300.0219563,40.18,1.1
GAH27,UMBAGOG LAKE,N,United States,NH,N,44.75973804,-71.04762638,378,3.938414713,31.75,4.6,14,147.1,2682.8,95.29,27.5,62.017,3.24,4.77,69.5674811,274.8682969,124.28,1.3
GAH28,WEST GRAND LAKE,N,United States,ME,N,45.25322196,-67.85519026,90,5.366463507,91.99,8.6,39,788.9,609.2,214.56,674.8,13.531,3.27,6.31,64.48211496,289.8414689,52.31,1.8
GAH29,LAKE WINNIPESAUKEE,N,United States,ME,N,43.60318312,-71.36157983,151,6.154268406,181.82,1.4,,256.6,954.4,357.23,140.8,21.092,5.74,7.47,66.62845643,248.1853702,74.01,2.8
GAH3,CHINA LAKE,N,United States,ME,N,44.43802104,-69.57351673,57,6.89715459,14.81,11.1,26,164.42,92.6,43.61,750.4,2.536,3.61,3.2,65.96991975,287.2243951,40.33,1
GAH4,COBBOSSEECONTEE LAKE,N,United States,ME,N,44.26646315,-69.93193143,48,6.89715459,20.88,4,,82.6,340.6,70.67,102.3,9.347,3.97,4.36,65.96991975,287.2243951,22.37,1.4
GAH5,DAMARISCOTTA LAKE,N,United States,ME,N,44.13097599,-69.48894637,15,6.640853779,17.5,10,35,175.8,179.6,70.3,402.4,5.056,4.23,4.34,65.64309069,298.3829328,11.4,1.1
GAH6,EAGLE LAKE,N,United States,ME,N,47.06893593,-68.59672343,174,3.007317126,22.24,15.1,,335.67,1979.3,53.49,100,38.833,4.32,3.2,64.94959479,216.5731732,110.19,1.5
GAH7,EMBDEN POND,N,United States,ME,N,44.93873644,-69.95236267,124,5.58678874,5.97,12.5,55,74.83,60.1,15.69,582,1.488,5.21,1.81,66.26260283,264.7707361,93.26,0.9
GAH8,FIRST CONNECTICUT LAKE,N,United States,NH,N,45.09431356,-71.24909783,491,4.336585464,10.67,13.2,50,140.6,220.4,28.98,331.8,4.905,4.79,2.5,68.89593667,246.7146378,161.91,1.3
GAH9,HOUGHTONS (HOOSICWHISICK) POND,N,United States,MA,N,42.20722222,-71.09638889,50,10.01260179,0.1,13,,,,,,,,,64.72845657,305.1634187,9.2,
GC1,SKIFF LAKE,N,Canada,NB,N,45.81445189,-67.53637334,205,4.819309026,6.26,10.8,,67.56,26.8,18.86,1352.9,0.578,4.3,2.13,64.02439164,270.6243951,71.5,1
GW202,RUNN,E,Sweden,,N,60.53042075,15.65327723,106.8,3.406300854,64.7024,8.3,29.5,648.91,2755.7,125.37,267.5,28.077,2.48,4.45,66.69837521,110.2512213,84.51,1.8
GW240,ORSASJON,E,Sweden,,N,61.07247475,14.54801963,159.9,2.519715491,52.827,17.3,92.2,481.1,2602.8,58.12,189.8,29.333,2.35,2.27,65.82357869,103.1926848,139.75,2.5
GW341,NACKTEN,E,Sweden,,N,62.82382675,14.63117254,323.95,2.349593544,84.2389,15.5,44,1896.39,345.8,147.27,8550.4,2.567,4.71,4.57,66.06422902,80.54634329,144.16,2
GW369,KALLSJON,E,Sweden,,N,63.56777875,12.97718981,380.525,0.768495953,156.3551,40.1,102.825,450,3043.1,235.69,65.2,79.905,6.45,4.76,67.29187117,208.9390281,79.38,3.8
GW484,STORUMAN,E,Sweden,,N,65.2615295,16.70974942,350.125,-1.044308987,163.47221,25.6,128.75,1101,7272.7,273.27,72,176.906,4.76,5.93,65.96829341,110.9731719,164.54,2.3
GW512,GOUTA,E,Sweden,,N,65.61206525,15.5179385,438.63333,-2.164024436,31.5935,17.2,58,209,3659.6,91.43,22.1,109.605,5.91,3.76,66.74471661,207.8829308,95.95,1.2
GW592,JUKKASJARVI,E,Sweden,,N,67.82508,20.70512184,322.35,-2.097154489,13.50505,9.6,,128.31,7697.8,38.88,19.7,75.283,3.26,3.01,60.07479731,76.83658664,133.86,1.7
HB01,MIRROR LAKE,N,United States,NH,N,43.9436421,-71.69299041,213,5.699187094,0.15,4.8,11.5,0.58,0.9,1.37,281.9,0.024,5.64,1.11,67.55284727,244.6414674,114.65,0.2
JD01,LAKE KEGONSA,N,United States,WI,N,42.96564792,-89.25144033,256.95,7.916463523,12.99,5.18,9.45,68.85,986.7,15.41,87.2,9.135,2.03,1.23,68.95040844,125.5512218,1120.55,1.7
JGL01,SPIRIT LAKE,N,United States,IA,N,43.47709337,-95.10176239,427,7.182926943,4.31,2.3,3.23,48.42,189.7,26.54,571.9,0.98,0.84,1.62,67.18943225,77.44634255,1391.78,1.9
JGL02,EAST OKOBOJI LAKE,N,United States,IA,N,43.39,-95.1,426,7.182926943,7.46,3,6.71,,,,,,,,67.18943225,77.44634255,1397.93,
JGL03,WEST OKOBOJI LAKE,N,United States,IA,N,43.39,-95.16,426,7.182926943,15.65,11.5824,41.45,,,,,,,,67.18943225,77.44634255,1402.6,
JJM1,ALLEQUASH LAKE,N,United States,WI,N,46.03668734,-89.62049582,494.2,3.745122033,1.684,2.9,8,10.34,38.9,8.8,177.3,0.675,3.9,1.98,67.64959435,94.31219699,881.98,0.5
JJM10,NORTH TWIN LAKE,N,United States,WI,N,46.04679463,-89.1415281,512.67,3.631910647,11.26,8.53,14,137.53,70.1,22.53,1392.7,1.143,3.29,1.7,68.91138359,94.74390436,852.68,1.3
JJM11,(BIG) LONG LAKE,N,United States,WI,N,45.75,-91.65,,5.754065142,13.32,7.92,,,,,,,,,67.81626148,72.44146457,1019.32,
JJM13,LAKE KOSHKONONG,N,United States,WI,N,42.87298679,-88.9636817,236.53,8.184349752,42.42,1.52,2,328.39,6675.1,39.48,70.9,53.614,2.04,1.68,70.19674934,127.6536609,1094.41,2.2
JJM14,LAKE SHISHEBOGAMA,N,United States,WI,N,45.89739739,-89.81884176,479.7,4.108333427,2.9,5.18,,12.9,182.3,15.13,53.1,2.814,2.24,2.61,68.65853826,94.90975766,902.38,0.5
JJM15,LAKE ESCANABA,N,United States,WI,N,46.06422356,-89.5865184,502.92,3.745122033,1.17,4.27,,6.33,38.6,5.38,103.8,0.706,3.32,1.39,67.64959435,94.31219699,876.65,0.5
JJM16,LAKE MALLALIEU,N,United States,WI,N,44.98949846,-92.73948487,210.92,7.37032536,1.14,1.52,,5.67,767.1,7.15,11.5,5.685,4.44,2.06,67.69837499,89.09512363,1138.68,0.4
JJM17,LAKE NEBISH,N,United States,WI,N,46.05142896,-89.58883589,502.92,3.745122033,0.37,5.49,,1.57,2.2,3.09,454.1,0.04,3.96,1.52,67.64959435,94.31219699,876.65,0.4
JJM18,LAKE WINGRA,N,United States,WI,N,43.05414937,-89.41921729,258.47,7.564634289,1.4,3.1,4,3.92,22.1,5.82,222.3,0.204,1.69,1.45,68.92032679,116.0829285,1128.54,0.5
JJM19,MYSTERY LAKE,N,United States,WI,N,46.05,-89.56666667,506.27,3.745122033,0.08,,,,,,,,,,67.64959435,94.31219699,876.65,
JJM2,BIG MUSKELLUNGE LAKE,N,United States,WI,N,46.01608472,-89.62256607,500.3,3.745122033,3.963,7.5,21.3,22.52,21.6,13.07,702.6,0.371,2.89,1.98,67.64959435,94.31219699,881.98,0.7
JJM20,LITTLE LAKE (BRADLEY),N,United States,WI,N,44.91666667,-87.28333333,,6.869309088,0.1,,1.83,,,,,,,,68.8203267,118.0170751,864.54,
JJM21,ROCK LAKE,N,United States,WI,N,43.07774868,-88.93175983,252.07,8.051626162,5.55,4.88,,34.9,50,14.3,966.4,0.418,2.2,1.77,69.74878172,116.7000014,1099.64,0.9
JJM22,SHELL LAKE,N,United States,WI,N,45.732154,-91.89643514,370.94,5.754065142,10.45,7.01,11,50.86,68,18,966.5,0.609,1.91,1.58,67.81626148,72.44146457,1033.45,1.3
JJM23,SPRUCE LAKE,N,United States,WI,N,46.05,-89.56666667,506.58,3.745122033,0.06,,,,,,,,,,67.64959435,94.31219699,876.65,
JJM24,BIG GREEN LAKE,N,United States,WI,Y,43.80378675,-89.02786819,242.93,7.35914647,29.65,31.7,71.9328,49.3,257.9,48.59,270.6,2.109,3.33,2.45,69.30406642,106.5463435,1040.3,1.4
JJM26,DEVILS LAKE,N,United States,WI,N,43.41687466,-89.73209947,293.52,7.415650528,1.51,9.14,,27.76,10.8,5.31,2920.9,0.11,14.64,1.26,68.46504171,109.1829284,1109.9,0.4
JJM27,LAKE GENEVA,N,United States,WI,Y,42.56847127,-88.47947845,263.35,8.307113962,20.66,18.59,41.148,49.3,77.9,32.71,756.8,0.754,4.57,2,70.20975767,135.1585384,1043.4,1.2
JJM28,MAPLE LAKE,N,United States,WI,N,46.14090908,-89.72709959,497.74,3.745122033,0.19,2.3,,0.43,2.1,3.37,119,0.042,1.05,2.19,67.64959435,94.31219699,879.33,
JJM3,CRYSTAL BOG,N,United States,WI,N,46,-89.6,502,4.108333427,0.005,1.7,2.5,,,,,,,,68.65853826,94.90975766,881.98,
JJM31,ANVIL LAKE,N,United States,WI,N,45.9442104,-89.06448243,516.6,3.936585418,1.6,5.79,9.75,8.7,10.7,7.79,666.6,0.151,3.48,1.56,69.13170903,93.90000144,858.04,0.6
JJM32,CHEQUAMEGON BAY,N,United States,WI,N,46.6,-90.89,182.88,4.001219593,,7,23,,,,,,,,64.05122037,119.8902461,911.67,
JJM33,LAKE SUPERIOR AT BAYFIELD,N,United States,WI,Y,46.81,-90.81,182.88,4.001219593,,,,,,,,,,,64.05122037,119.8902461,893.21,
JJM4,CRYSTAL LAKE,N,United States,WI,N,46.00163865,-89.61286129,502.1,3.745122033,0.367,10.4,20.4,1.13,8.9,2.14,86.4,0.151,2.13,1.06,67.64959435,94.31219699,881.98,0.3
JJM5,LITTLE ROCK LAKE,N,United States,WI,N,45.99765617,-89.70497639,495.61,4.108333427,0.15,3.8,,0.54,0.7,2.27,477.4,0.013,3.27,1.71,68.65853826,94.90975766,889.51,0.2
JJM6,SPARKLING LAKE,N,United States,WI,N,46.00862229,-89.70046914,494.8,3.745122033,0.64,10.9,20,2.47,4,3.33,413.8,0.069,2.86,1.25,67.64959435,94.31219699,886.39,0.2
JJM7,TROUT BOG,N,United States,WI,N,46.03333333,-89.68333333,494,3.745122033,0.011,5.6,7.9,,,,,,,,67.64959435,94.31219699,886.39,
JJM8,TROUT LAKE,N,United States,WI,N,46.03333333,-89.66666667,491.8,3.745122033,16.079,14.6,35.7,,,,,,,,67.64959435,94.31219699,884.18,
JK01,OULUJARVI,E,Finland,,N,64.3,27.3,122.7,2.550000047,887,,,,,,,,,,70.1252046,74.88048888,109.14,
JK02,LAKE KALLAVESI (4079),E,Finland,,N,62.83,27.77,81.8,3.467886229,316,9.7,75,,,,,,,,71.64878185,87.59268422,236.07,
JK03,LAKE NASIJARVI (3568),E,Finland,,N,61.53,23.75,95.4,3.772357772,256,13,61,,,,,,,,72.83496072,92.27073319,103.53,
JK04,LAKE VESIJARVI (1462),E,Finland,,N,61.18,25.54,81.4,3.972357789,107.6,6.6,40,,,169,,,,,67.98211481,99.95366001,79.1,
JK05,LAKE PAIJANNE (1463),E,Finland,,N,61.18,25.54,78.3,3.681097642,1080,15,94.5,,,2345,,,,,68.75772501,99.06097731,79.1,
JK06,MUURASJARVI (1401),E,Finland,,N,63.5067145,25.3576493,112.2,2.807113856,21.05,8.98,35.71,161.51,118.7,61,1899.7,0.984,2.41,2.87,66.63333477,78.96829411,104.14,1.1
JK07,KALMARINJARVI (1417),E,Finland,,N,62.778865,24.99782492,129.8,3.310772398,7.05,5.7,22,77.24,138.4,19,835.5,1.07,4.22,1.82,68.98130221,78.78292807,143.59,1
JK08,SUMMASJARVI (1419),E,Finland,,N,62.64480075,25.38871454,108.5,3.316666731,21.9,6.8,41,270.94,783.5,42.59,509.1,6.16,3.78,2.61,70.11870076,84.2780506,167.79,1.6
JK09,PIELAVESI - SAVIA (1427),E,Finland,,N,63.2,26.67,102.3,3.375000049,110,,,,,,,,,,69.64390378,82.36585592,176.32,
JK10,HANKAVESI - RAUTALAMPI (1436),E,Finland,,N,62.5962525,26.74518901,96.1,3.562601677,18.2,7.04,49,277.59,870.7,101.84,382.3,8.403,3.93,6.29,70.96910728,85.65122098,224.13,0.7
JK11,YLA-KIVIJARVI - JURVALA (1488),E,Finland,,N,61.01162175,27.74017627,75.2,4.086991936,76.4,5.3,27,1618.74,490.2,268.03,3461.8,5.412,4.46,8.65,73.15691199,105.4317091,48.7,1
JK12,LAPPAJARVI - HALKOSAARI (4703),E,Finland,,N,63.1565095,23.72044812,69.5,3.054268338,145.5,6.9,39,2459.92,1521.4,108.71,2359.8,12.065,2.83,2.55,68.52439152,77.943904,70.54,3.5
JK13,KITUSJARVI (3548),E,Finland,,N,62.2827245,24.05533805,116.2,3.736991934,0.5,4.7,,2.36,582.2,5.44,5.5,4.947,3.43,2.17,71.98455441,76.55122101,136.37,0.1
JK14,KUKKIA - PUUTIKKALA (3512),E,Finland,,N,61.32826525,24.66871311,86.6,3.976219597,43.4,16.3,35.62,941.66,1025.4,215.23,1345.2,8.102,3.78,7.99,70.72520484,93.30000142,116.83,1.2
JK15,LANGELMAVESI - KAIVANTO (3506),E,Finland,,N,61.42,24.15,84.2,3.67540655,133,6.8,59.3,,,,,,,,72.77805031,88.59024576,125.18,
JK16,ALA-KIVIJARVI - YLA-MUNNI (1489),E,Finland,,N,60.9807595,27.40014422,75.1,4.646748054,91.9,4.8,19,323.39,326.1,93.4,1064.8,3.515,6.68,6.94,74.0747984,103.3707334,46.55,0.5
JK17,ALA-RIEVELI (1468),E,Finland,,N,61.3055515,26.18039437,77.8,3.989837461,13,11.3,46.9,152.29,540.5,48.32,479.8,3.674,3.9,3.79,69.62926967,110.1829285,90.14,0.8
JK18,VESIJARVI -  LAHTI (1461),E,Finland,,N,60.99,25.65,81.4,3.972357789,107.6,6.6,40,,,,,,,,67.98211481,99.95366001,55.9,
JK19,JAASJARVI - HARTOLA (1457),E,Finland,,N,61.69148225,26.44045049,92.3,3.670731774,81.1,4.6,28.2,5788.63,1291.6,768.92,7222.7,9.276,2.84,12.9,69.91626147,102.9000017,130.61,1.6
JK20,ALA-KINTAUS (1449),E,Finland,,N,62.291679,25.36632347,154.4,3.696341517,7.2,5.2,19,47.58,87.7,23.26,773.5,0.712,2.32,2.46,71.44553009,82.6780502,188.8,0.8
JK21,IISVESI (1433),E,Finland,,N,62.67,27.04,97.9,3.562601677,164.5,,34.5,,,,,,,,70.96910728,85.65122098,229.76,
JK22,PAAJARVI - KARSTULA (1415),E,Finland,,N,62.8555,24.72974853,144.4,3.310772398,29.5,3.8,14.9,297.55,516,69.09,842.2,4.089,2.86,3.59,68.98130221,78.78292807,128.81,1.5
JK23,KIVIJARVI - SAARENKYLA (1407),E,Finland,,N,63.27,25.13,130.8,3.050203312,154,8.36,43.78,,,,,,,,67.96178976,82.34634277,113.81,
JK24,SAANIJARVI (1403),E,Finland,,N,63.4118875,25.604626,114,3.129878101,12.6,1.96,6,62.55,348.1,21.3,244.7,2.958,1.87,1.7,69.14796897,82.16341608,120.68,1.4
JK25,HAUKIVESI,E,Finland,,N,62.11,28.61,75.8,3.842276506,560,9.1,55,,,,,,,,69.82764382,94.86341657,151.25,
JK26,INARI - NELLIM,E,Finland,,N,68.85,28.3,118.7,-1.250813046,1,14.3,92,,,,,,,,71.52520476,77.00487929,100.5,
JK27,KEVOJARVI,E,Finland,,N,69.75394,27.01438653,75.3,-2.424796789,1,9.3,,10.07,728.6,9.15,16,7.303,6.64,2.48,70.34390383,107.3195136,70.33,0.3
JK28,KILPISJARVI,E,Finland,,N,69.0253405,20.79261835,472.8,-4.240447226,37.3,19.5,57,531.17,332.5,36.45,1242,4.95,6.22,2.15,62.25772427,179.4243929,43.59,1.5
JK29,KORVUANJARVI,E,Finland,,N,65.372416,28.6679415,241.8,0.281300796,15.4,6,37,75.04,29.2,32.24,2360.2,0.368,1.78,2.33,72.11870069,99.58048915,148.43,1.3
JK30,KUORTANEENJARVI,E,Finland,,N,62.8337195,23.43126167,75.8,3.54329274,14.9,3.34,16.2,163.11,235,33.64,1077.5,1.752,3.48,2.43,72.86341591,74.68780623,74.24,1.2
JK31,LENTUA,E,Finland,,N,64.25122875,29.69352715,167.9,1.9691057,77.8,7.4,52,840.13,2067.4,200.93,420,23.153,2.35,6.27,74.56097716,73.5365867,216.23,2.1
JK32,LESTIJARVI,E,Finland,,N,63.531908,24.72975385,140.7,2.746951273,64.5,5.5,6.9,349.91,369.4,71.29,1381.8,2.931,1.43,2.52,65.44065175,81.35609888,78.57,2.4
JK33,LIVOJARVI,E,Finland,,N,65.99123575,28.12126372,243.7,0.156707289,33,5.8,28,103.04,77.6,36.71,1128.3,1.057,2.25,2.61,71.74471655,99.56585521,139.93,1.2
JK34,MUTUSJARVI,E,Finland,,N,69.01966425,26.84887281,146.2,-2.217073203,50.45,8.5,74,873.49,2405.9,118.12,518.7,19.489,4.08,4.69,69.12520457,88.67317211,125.56,1.1
JK35,NAAMANKAJARVI,E,Finland,,N,65.1050725,28.30946922,173.5,0.659756101,8.52,2.9,14,92.43,385.9,38.8,222.2,4.814,3.9,3.76,72.56992049,96.55365987,131.64,0.6
JK36,OIJARVI,E,Finland,,N,65.63273975,25.90313181,89.8,1.596544744,21.05,12.7,,261.04,886,48.45,299.8,10.077,3.77,3.01,69.00569237,90.04634329,30.3,1.2
JK37,OUNASJARVI,E,Finland,,N,68.3755525,23.58705027,286.9,-2.274390279,6.9,6.6,31,100.35,1046.1,31.52,99.2,11.71,6.19,3.44,68.66260302,69.06341592,161.61,0.5
JK38,PAIJANNE - TEHI,E,Finland,,N,61.48,25.56,78.3,3.681097642,1080,15,94.5,,,,,,,,68.75772501,99.06097731,113.38,
JK39,PEERAJARVI,E,Finland,,N,68.88764225,21.0939238,459.5,-3.792276497,1.9,5.5,,10.58,963.2,6.21,10.6,11.599,2.9,1.26,59.59593564,114.1317092,62.08,0.6
JK40,PIELINEN,E,Finland,,N,63.54,29.13,93.7,2.422357765,894,10,61,,,,,,,,72.22683046,90.96829427,232.34,
JK41,POROVESI,E,Finland,,N,63.42771175,27.30617199,85.8,3.398780555,21.7,19.1,24.97,3850.84,5323.3,569.8,881.5,50.561,2.89,11.32,70.01138312,81.54634283,183.11,1.5
JK42,REHJA,E,Finland,,N,64.23,27.79,137.9,2.223983757,96.4,8.5,42,,,,,,,,72.98861933,69.35122069,133.51,
JK43,SAAKSJARVI - NURMIJARVI,E,Finland,,N,60.5075345,24.6742357,99.8,4.485975683,2.6,8.8,,21.61,5,8.73,4903.1,0.051,4.68,1.57,71.53414771,101.5219527,34.05,0.6
JK44,UNARI,E,Finland,,N,67.1645165,25.73162482,179.8,0.306504068,28.8,8.2,,241.55,499.2,64.55,720.9,3.878,2.4,3.36,71.79593609,68.20000126,157.53,1.2
JK45,VISUVESI,E,Finland,,N,62.12,23.93,96.1,3.736991934,46.2,6.95,62,,,,,,,,71.98455441,76.55122101,130.27,
JK46,PALOVESI,E,Finland,,N,61.86,23.91,96,3.772357772,25.5,9.6,60.97,,,,,,,,72.83496072,92.27073319,118.66,
JK47,SIMPELEJARVI,E,Finland,,N,61.55384675,29.43413783,68.8,3.842276506,58.6,9.34,25.5,1449.25,485,197.01,4402.6,3.81,3.46,5.91,69.82764382,94.86341657,97.69,1.2
JK48,AHTARINJARVI,E,Finland,,N,62.76,24.05,153.5,3.288821195,39.9,5.2,27,,,,,,,,68.60244028,77.82683062,102.41,
JK49,KUIVAJARVI,E,Finland,,N,60.7853085,23.75298268,96.6,4.489634228,8.2,7,,214.61,266.5,51.92,990,2.509,2.06,2.64,72.81544848,91.34146528,57.86,1.9
JK50,JERISJARVI,E,Finland,,N,67.90988825,24.11698471,257.6,-0.29593498,23.5,3.4,11.7,390.98,115.4,58.98,6694.1,0.676,3.54,3.03,68.73902614,53.59756195,219.34,1.3
JK51,SAAKSJARVI - SAAKSKOSKI,E,Finland,,N,61.40496,22.36855655,49,4.681300891,33.18,3.7,9.1,336.48,953.2,44.67,425,9.163,2.78,2.18,72.45040801,100.1317094,32.08,2.1
KMS1,BONAPARTE,N,United States,NY,N,44.14953834,-75.39037472,240,6.419512328,5.05,9.4,21.3,49,52.2,20.32,484.7,1.17,4.33,2.57,71.03414787,198.6609797,373.75,0.9
KMS10,GEORGE,N,United States,NY,Y,43.62497552,-73.54988617,97,6.165650522,115.25,24.5,57,2775.3,608.3,173.46,2704.5,11.877,7.84,4.6,71.47805005,199.7268334,233.68,1.8
KMS11,MIRROR,N,United States,NY,N,44.29089457,-73.98190169,565,4.367886248,0.518,4.3,18.3,1.97,0.9,3.69,1197.9,0.019,3.83,1.63,71.35447277,213.4268327,294.94,0.2
KMS12,MOHONK,N,United States,NY,N,41.76333333,-74.15944444,380,9.526829429,0.069,6.5,18,,,,,,,,68.13414777,254.8292726,93.93,
KMS14,OTSEGO,N,United States,NY,Y,42.75838284,-74.89406165,363,7.058333467,17.11,24.9,50.6,425.9,204.5,34.49,1085.8,4.54,9.44,2.09,73.31138335,223.9536624,217.63,1
KMS15,PLACID,N,United States,NY,N,44.30444444,-73.99527778,566,4.367886248,8.794,15.8,42.7,,,,,,,,71.35447277,213.4268327,294.94,
KMS16,ST. REGIS LOWER,N,United States,NY,N,44.4289231,-74.25296351,493,5.140040773,1.477,4.7,10.7,6.49,46.6,6.36,76.1,0.987,2.78,1.53,71.33170899,194.7463448,320.86,0.6
KMS17,SARANAC LOWER,N,United States,NY,N,44.30230706,-74.18885647,507,5.140040773,8.96,8.5,18.3,114.19,297.2,45.57,204.3,6.47,5.02,4.42,71.33170899,194.7463448,309.35,0.9
KMS18,SCHROON,N,United States,NY,N,43.7593174,-73.78163982,246,6.165650522,21.87,1.5,47,32.9,1202.3,49.69,15.3,24.962,3.37,3,71.47805005,199.7268334,256.37,1
KMS19,STAR,N,United States,NY,N,44.15633701,-75.04257766,442,6.419512328,0.823,6.8,18.3,3.69,1.1,1.22,1709.9,0.025,3.02,2.1,71.03414787,198.6609797,361.33,0.4
KMS2,BRANT,N,United States,NY,N,43.71435174,-73.7056501,243,6.165650522,5.492,9.1,18.3,50.9,104.1,24.66,274.9,2.143,7.41,2.79,71.47805005,199.7268334,248.79,0.7
KMS20,SYLVIA,N,United States,NY,N,44.25247223,-75.41471446,199,6.419512328,1.311,21.3,42.7,5.7,6.6,5.55,499.7,0.132,2.86,1.42,71.03414787,198.6609797,387.14,0.7
KMS21,TITUS,N,United States,NY,N,44.72501172,-74.28241645,426,5.466260279,1.54,8.3,,12.82,15.4,6.69,491.3,0.302,5.2,1.52,69.2439039,209.5926861,333.82,0.4
KMS22,NORTH TROUT LAKE,N,United States,WI,N,46.05,-89.66666667,491.95,3.745122033,3.97,7.62,,,,,,,,,67.64959435,94.31219699,881.07,
KMS23,CASSADAGA LOWER,N,United States,NY,N,42.34583333,-79.31722222,398,8.076219651,0.368,2,15.2,,,,,,,,78.71626176,226.2560999,408.35,
KMS24,CRANBERRY,N,United States,NY,N,44.1666569,-74.81928578,457.2,5.410162703,28.308,1.8,9.1,74,385.3,78.44,87.7,9.768,5.13,4.46,71.31788753,202.3902479,351.89,1.6
KMS26,GLEN,N,United States,NY,N,41.90361111,-75.02111111,398,8.360366,1.291,5.5,15.2,,,,,,,,72.59187149,228.5414667,150.96,
KMS27,MOHANSIC,N,United States,NY,N,41.27648397,-73.80827403,139,11.02459369,0.431,3.4,6.1,1.56,3.4,3.37,217.5,0.083,3.91,1.65,63.91626141,287.458542,30.93,0.2
KMS4,CHATEAGUAY (LOWER),N,United States,NY,N,44.81846247,-74.01823016,399,5.466260279,2.13,10,,21.3,261.6,7.88,51.9,4.751,5.75,1.52,69.2439039,209.5926861,311.94,0.5
KMS5,GENEGANTSLET,N,United States,NY,N,42.51634467,-75.77498338,454,7.440040775,0.437,6.1,18.3,2.27,13.1,3.13,99.1,0.265,6.47,1.45,76.48455441,236.6463456,241.22,0.4
KMS6,LOON,N,United States,NY,N,42.49296848,-77.56753367,518,6.631300923,0.571,5.7,13.7,2.7,5.2,1.24,411.4,0.076,3.54,1.4,78.95691225,178.5024422,349.46,0.4
KMS8,CHAUTAUQUA NORTH,N,United States,NY,N,42.17626112,-79.42896862,399,8.076219651,28.56,7.8,23,144.4,480.5,27.9,268.9,6.215,3.04,3.12,78.71626176,226.2560999,399.71,1.5
KMS9,CHAUTAUQUA SOUTH,N,United States,NY,N,42.11194444,-79.10222222,399,8.076219651,24.68,3.5,6,,,27.9,,,,,78.71626176,226.2560999,377.02,
KMSM1,MOOSEHEAD LAKE,N,United States,ME,N,45.6722732,-69.70821364,314,4.012804942,303,5.8,75,1726.9,3315.1,343.45,308.9,64.705,3.61,5.6,66.75284682,227.6195162,130.07,2.9
LR1,ONEIDA,N,United States,NY,Y,43.21011271,-75.90521318,112,7.631097717,206.7,6.8,16.8,2296.12,3547.4,33.6,283.8,93.644,1.57,2.21,75.26504216,219.3756137,308.16,4.2
LR2,CAZENOVIA,N,United States,NY,N,42.95127299,-75.87062357,363,7.440040775,4.79,7.2,14.5,34.39,21.4,5.48,791.3,0.503,3.13,1.93,76.48455441,236.6463456,282.48,0.7
MA1,BLACK OAK LAKE,N,United States,WI,N,46.16285325,-89.31288092,521,3.631910647,2.36,5.9,25.9,12.1,13.8,10.63,502,0.279,3.14,2.1,68.91138359,94.74390436,851.89,0.7
MF11,ASHBY LAKE,N,Canada,ON,N,45.09137702,-77.34766041,353,4.808130188,2.59,9.4,36.6,24.47,35.1,17.61,699.2,0.405,4.94,3.07,65.90813148,188.6878081,512.96,0.5
MF200,LAKE MEMPHREMAGOG,N,Canada,QC,N,45.10256145,-72.28193232,205,5.139634222,90.68,36.8,107,3340.95,1752.3,149.32,960.2,40.271,6.96,4.42,68.68861929,248.5365889,208.84,2.2
MF203,LAKE NIPISSING,N,Canada,ON,N,46.24391937,-79.76244476,192,4.827235885,878.3,4.5,69,3952.37,10779.4,1217.85,310.5,147.305,,11.59,63.77723691,193.1365886,541.85,9
MF23,BASS LAKE,N,Canada,ON,N,45.11016772,-79.70443669,228,5.674796838,0.95,5.3,,5.02,8.8,9.05,754.8,0.077,3.6,2.62,65.64146451,286.4926875,666.19,0.4
MF330,RICE LAKE AT INDIAN RIVER,N,Canada,ON,N,44.19816993,-78.15621817,184,6.510772489,95.44,14.3,8,1362.64,9414,166.3,139.3,113.215,3.02,4.8,69.98374111,194.5536621,506.81,2.2
MICH01,SCHOOL SECTION LAKE,N,United States,MI,N,43.59759345,-85.27403389,295,7.338008266,0.138,3.1,10.1,1.33,99.4,5.02,17.9,0.86,1.52,2.17,75.50975803,143.7585389,865.06,0.4
MICH02,HOUGHTON LAKE,N,United States,MI,N,44.34937856,-84.73796986,346.86,6.697967604,89.21,2.6,6.1,456.35,553.7,47.83,1331.8,3.966,1.41,1.51,74.09349752,130.668295,829.5,3.6
MICH03,GULL LAKE,N,United States,MI,Y,42.39937879,-85.41073046,268.22,9.598780673,8.28,11.6,33.5,69.76,68.8,20.54,1406.6,0.574,2.97,2.03,75.90731886,154.9804907,806.53,0.9
MICH04,DUCK LAKE,N,United States,MI,N,42.386,-84.736,283.16,8.899593646,2.541,4,15.2,,,,,,,,75.36260323,158.0292706,757.68,
MICH05,EAGLE LAKE,N,United States,MI,N,41.80390028,-86.02446998,242,10.06199205,1.618,3.5,10.7,4.9,27,5.8,223.1,0.254,1.92,1.38,74.79593652,185.5097594,824.93,0.6
MICH06,FAIR LAKE,N,United States,MI,N,42.48542873,-85.3322813,280.11,9.598780673,0.926,4.2,11.89,3.81,5.2,6.41,981.2,0.045,2.21,1.89,75.90731886,154.9804907,807.13,0.4
MICH07,DOUGLAS LAKE,N,United States,MI,N,45.58216933,-84.7036448,214,5.454878162,15.08,5.5,27,113.67,93.7,23.66,1529.8,0.86,2.65,1.74,68.62601766,146.0268313,700.58,1.5
MINN1,BIG SANDY,N,United States,MN,N,46.74448608,-93.28280041,366,5.020325287,38,3.3,25.6,97.9,1106.2,67.4,91.3,12.413,2.19,5.41,65.969107,69.13170848,1043.35,2.1
MINN11,FOUNTAIN,N,United States,MN,N,43.5,-93.5,281,7.578455412,2,2,4.3,,,23.5,,,,,67.69837514,87.31219675,1296.97,
MINN12,MINNETONKA,N,United States,MN,N,44.90994523,-93.65330829,283,7.598780642,58,6.3,34.4,105.83,122.9,146.6,1586.6,0.772,2.16,3.27,67.64227763,80.20000123,1198.95,1
MINN13,DIAMOND(MAIL),N,United States,MN,N,45.18350857,-94.84597996,355,6.314634247,6.87,9.1,8.23,55.4,75.5,15,1269.7,0.505,1.07,1.5,67.0642288,80.61219653,1249.16,0.9
MINN14,BIG KANDIYOHI,N,United States,MN,N,44.25,-93,333,7.452642426,12,6,5.5,,,16.7,,,,,67.73496063,86.96829381,1209.77,
MINN15,RAINY,N,United States,MN,N,48.72331597,-93.26240947,337.72,2.9689025,893.6,8,49.1,6611.8,38038.1,2156.32,245.6,311.645,,21.16,60.98048863,79.63170835,895.43,3.2
MINN16,MITAWAN,N,United States,MN,N,47.67789944,-91.43355559,522,2.593292749,1,4.9,8.2,2.86,14,6.9,140.2,0.236,3.47,2.07,64.3390253,93.69268402,868.44,0.2
MINN17,FALL,N,United States,MN,N,47.96359124,-91.71288006,397,2.980691115,9,2.2,9.8,21.7,3041.3,36.2,6.1,41.338,3.18,4.56,64.3861797,88.40487942,862.9,0.7
MINN18,WINSTED,N,United States,MN,N,44.96215104,-94.04003388,300,7.405894432,2,2.9,4,4.04,2.7,6.1,2751.8,0.017,1.56,1.42,67.14959475,78.3609772,1217.25,0.5
MINN19,SISSETON,N,United States,MN,N,43.65020896,-94.46800355,351,7.292683051,1,4.6,,7.52,149.3,10.8,103.5,0.84,2.55,2.39,67.25203364,87.72926994,1339.09,0.4
MINN2,DETROIT,N,United States,MN,N,46.78333333,-95.93333333,406.6,4.734959445,13,4,25,,,20,,,,,66.11219629,59.0536596,1147.65,
MINN20,MILLE LACS,N,United States,MN,N,46.23791395,-93.66004063,381.3,5.654065133,536,7.8,11,4022.71,1067.8,122.6,5105.7,9.119,,1.6,66.86422878,73.51707432,1102.1,9.9
MINN21,SHETEK,N,United States,MN,N,44.1304264,-95.69092841,450,6.944918803,15,2.5,3,37.1,469.7,44.6,171.3,2.506,1.57,4.03,67.99431049,76.08048915,1377.02,1.2
MINN22,LIZZIE,N,United States,MN,N,46.63242058,-96.01789295,397,5.0855692,17,2,16.2,28.6,858.9,26.9,121.2,2.732,1.45,2.07,66.90731827,57.81707417,1166.21,1.2
MINN23,MINNEWASKA,N,United States,MN,N,45.62358405,-95.42802341,346.86,5.691260262,31,7.9,9.8,247.3,226.2,32.2,2397.2,1.194,2.28,1.55,66.91788718,75.37073313,1248.65,1.8
MINN25,KABETOGAMA,N,United States,MN,N,48.4223346,-92.69229429,341.07,3.04146347,104.25,23.4,24.4,4884.52,19058.6,607.63,349.3,161.846,3.41,11.85,62.4341475,81.54146477,887.65,2.6
MINN26,VERMILION,N,United States,MN,N,47.17652466,-93.85958416,390.14,4.784959436,199,4.1,14.6,6.34,72.6,160.8,141.3,0.519,2.21,1.69,64.89674908,66.36829393,1043.14,0.4
MINN27,OSAKIS,N,United States,MN,N,45.90889207,-95.1163174,403.25,5.691260262,27,4.8,20.4,113.44,256.1,34.1,886.6,1.481,1.59,2.06,66.91788718,75.37073313,1209.47,1.7
MINN28,CLEAR,N,United States,MN,N,44.45,-94.51666667,310.59,7.516463553,1.9,2,2.4,,,6.8,,,,,68.06097682,81.71463541,1281.29,
MINN29,WHITE BEAR,N,United States,MN,N,45.07560574,-92.98930883,281.94,6.975609882,9.8,5.9,25,55.47,58.2,17.9,1507.2,0.426,1.82,1.86,67.61951363,82.71463562,1146.85,1
MINN3,BIG STONE,N,United States,MN,N,45.42797695,-96.7038231,293,6.244105802,24,5.7,4.9,252.9,1884,99.5,520.1,5.628,3.01,4.14,67.83333504,56.1073179,1306.77,0.9
MINN30,BUFFALO,N,United States,MN,N,45.1626237,-93.89420752,275,6.723983844,6,6.7,9.1,39.7,53.5,9,1400.8,0.328,2.51,1.12,67.12113912,75.06585488,1193.38,1.3
MINN31,BEMIDJI,N,United States,MN,N,47.50268948,-94.84907521,408.13,4.18028462,28,8.1,23.2,211.45,1565.9,23.79,314.9,7.771,2.44,1.31,63.78780579,59.38292786,1056.69,2
MINN32,BONE,N,United States,MN,N,45.28629123,-92.86083969,274,6.975609882,0.8,4.2,9.1,3.05,19.3,4.56,245.4,0.144,2.35,1.5,67.61951363,82.71463562,1122.23,0.4
MINN33,GALPIN,N,United States,MN,N,44.89749689,-93.56378872,287.12,7.598780642,0.194,2.7,4.1,0.47,1.1,2.95,776.3,0.007,1.55,2.01,67.64227763,80.20000123,1194.17,
MINN34,GREEN,N,United States,MN,N,45.25155165,-94.90549365,352.35,6.314634247,23.56,7.1,35.05,154.15,394.4,18.43,712.8,2.503,2.24,1.11,67.0642288,80.61219653,1245.33,2.3
MINN35,MCKINNEY,N,United States,MN,N,47.25474162,-93.5332932,391.97,4.784959436,0.7,3.8,10.4,1.52,6.3,2.48,337.8,0.052,2.34,1.1,64.89674908,66.36829393,1019.23,0.4
MINN36,NORTH LONG,N,United States,MN,N,46.43918064,-94.2447053,360,5.528455379,25,7.6,29.6,186.25,97.6,29.95,4758.6,0.453,2.33,1.71,66.82683036,74.26829384,1122.62,2
MINN37,PEPIN,N,United States,MN,N,44.55,-92.43333333,205,7.047357855,50.7,6,17.1,,,137,,,,,67.69268442,84.42195276,1153.88,
MINN38,SHAGAWA,N,United States,MN,N,47.91215441,-91.88898082,404,2.980691115,9.6,9.7,14.6,84.17,241.5,25.62,375.1,2.597,3.35,2.45,64.3861797,88.40487942,880.19,0.8
MINN39,LOWER PRIOR,N,United States,MN,N,44.71666667,-93.41666667,272,7.466666788,3.9,,16.8,,,,,,,,67.72195252,89.02195271,1199.43,
MINN4,WACONIA,N,United States,MN,N,44.86902272,-93.78490325,289,7.598780642,13,5.9,13.4,72.29,42.4,10.9,3169.2,0.264,2.18,1.39,67.64227763,80.20000123,1209.03,1.6
MINN40,KABEKONA,N,United States,MN,N,47.16659261,-94.76893341,392,4.704674882,9.1,9.2,40.5,86.77,249.1,16.27,795.8,1.262,3.1,1.5,64.73089544,58.64390351,1091.34,1.1
MINN41,LAX,N,United States,MN,N,47.34571031,-91.29666312,386,3.908333414,1.2,5.6,10.7,5.37,16,6.02,190.1,0.327,3.97,1.73,64.88699316,89.6390256,884.66,0.4
MINN42,PRIOR,N,United States,MN,N,44.71666667,-93.41666667,272,7.466666788,5,6,19,,,,,,,,67.72195252,89.02195271,1199.43,
MINN5,LEECH,N,United States,MN,N,47.11666667,-94.11666667,395.02,5.058943201,443,,45.7,,,,,,,,64.73983827,58.6121963,1062.61,
MINN6,GULL,N,United States,MN,N,46.4617452,-94.33396077,360,5.528455379,30,2.1,24.4,92.9,755.1,61.2,312.8,3.437,3.54,4.3,66.82683036,74.26829384,1124.52,1.9
MINN7,ITASCA,N,United States,MN,N,47.21655361,-95.2019727,445,4.478455363,4,9.1,13.7,36.67,88.8,21.9,938.9,0.452,4.08,3.03,65.49674913,56.31951328,1091.01,0.5
MINN8,GUNFLINT,N,Canada,MN,N,48.1005795,-90.66752123,469,2.212398397,9,14.3,71.9,244.84,380.4,29,613.9,4.616,4.36,3.07,62.15203349,99.0512215,793.47,0.9
MINN9,OX,N,United States,MN,N,46.71258613,-94.11905169,374,5.513821225,1,4.4,22.6,3.93,3.8,6.1,2164.1,0.021,2.51,1.98,65.8252044,70.37317177,1092.88,0.5
ML01,LAKE VATTERN AT VISINGSO FERRY,E,Sweden,,Y,58.33265875,14.489715,89,6.216057022,1886,38,120,74000,6369.1,644.78,25414.9,33.7,,4.19,72.64065155,104.2024409,103.58,9.9
NG1,LAKE BAIKAL,A,Russia,,N,53.6631347,108.1884226,449,-2.296341494,31967.85,738.7,1642,23615000,569176.2,2688.05,136804.9,1997.895,,4.24,58.59837441,24.78780536,1716.43,33.7
PJD1,BALSAM,N,Canada,ON,N,44.58410567,-78.84152593,256,5.514024499,1.129,8.1,,388.62,2038.1,84.07,194.1,23.168,2.15,3.43,66.69593582,226.3756134,578.43,1.5
PJD10,GREEN,N,Canada,ON,N,45.11188202,-78.62008288,314.6,4.540853734,1.191,5,12.2,6.71,245.2,5.25,24.5,3.169,3.18,1.26,64.8918712,268.6707359,606.13,0.5
PJD11,HALIBURTON,N,Canada,ON,N,45.2,-78.4,360.3,4.331707398,10.136,18,54.9,,,37.45,,,,,65.4097572,208.7512227,586.72,
PJD12,HEAD,N,Canada,ON,N,45.05004466,-78.5165052,317,4.540853734,0.622,5.6,,3.68,153.2,4.76,21,2.035,4.57,1.66,64.8918712,268.6707359,598.93,0.4
PJD13,HENDERSON,N,Canada,ON,N,44.81033616,-77.79331123,313,5.488617986,0.18,4.7,,0.85,3.2,2.19,253.7,0.039,4.81,1.45,66.16341596,199.7853692,541.23,0.2
PJD14,JACKS,N,Canada,ON,N,45.29552548,-76.93058749,305.4,5.237804976,0.34,5.1,,1.72,14.3,5.38,136.4,0.146,4.49,2.6,66.87642422,190.4170758,475.3,0.2
PJD15,LAKE OF BAYS HAYSTACK,N,Canada,ON,N,45.2833,-79.0181,315,5.251829376,70.581,,,,,,,,,,64.98211484,250.6658582,628.27,
PJD16,LAKE OF BAYS MAIN,N,Canada,ON,N,45.25,-79.0667,315,5.251829376,70.581,34,71,,,,,,,,64.98211484,250.6658582,632.65,
PJD17,LAKE OF TWO RIVERS,N,Canada,ON,N,45.57884931,-78.47955137,392.9,3.680691134,3.13,12.8,,40.18,240.7,9.75,165.3,2.813,6.73,1.56,64.63170828,184.2707345,577.17,0.8
PJD18,LITTLE HAWK,N,Canada,ON,N,45.15849457,-78.74109599,359.7,4.540853734,3.428,31.6,93,114.91,228.4,19,531.6,2.502,6.29,5.41,64.8918712,268.6707359,613.39,0.6
PJD19,LONG POND,N,Canada,ON,N,44.62886243,-76.54957869,178,5.692479809,0.53,3.8,,2.02,6.3,7.57,299.4,0.078,2.2,2.95,67.1910584,204.5609791,464.81,0.2
PJD2,BOSHKUNG,N,Canada,ON,N,45.05,-78.75,307.5,4.540853734,7.164,23.3,71.0184,,,17.6,,,,,64.8918712,268.6707359,611.96,
PJD21,MUSKOKA,N,Canada,ON,N,45.01072511,-79.42343767,223.5,5.251829376,122.058,20.4,67,2482.39,4193.6,394.24,707.4,40.616,3.45,10.09,64.98211484,250.6658582,644.39,2.4
PJD22,OBLONG,N,Canada,ON,N,45.1833,-78.4333,360.3,4.331707398,0.214,17.4,27,,,5.75,,,,,65.4097572,208.7512227,588.26,
PJD23,OPEONGO,N,Canada,ON,N,45.69468973,-78.39051161,403.3,3.680691134,51.581,19.2,27.5,1142.6,334.2,172.1,3460.1,3.822,4.33,6.3,64.63170828,184.2707345,567.48,1.5
PJD24,PERCY,N,Canada,ON,N,45.2074198,-78.34962255,388.6,4.331707398,5.956,12,,64.33,76.5,23.51,720.1,1.034,5.16,2.87,65.4097572,208.7512227,580.82,0.7
PJD25,ROSSEAU,N,Canada,ON,N,45.18012548,-79.73049431,225,5.674796838,63.744,23.4,60,3390.94,798.3,21.765,5387.4,7.285,4.56,10.59,65.64146451,286.4926875,661.88,1.9
PJD26,SCUGOG,N,Canada,ON,N,44.18883575,-78.82627069,249.9,6.364837531,66.44,7.9,8,522.83,532.4,148.82,1106.9,5.467,1.95,5.15,69.87723721,189.7682957,544.88,1.8
PJD27,SHABOMEKA,N,Canada,ON,N,44.8937185,-77.13414811,273,5.509349698,2.56,10.7,,27.42,49.7,13.82,558.8,0.568,5.84,2.44,66.71057027,219.6658565,508.25,0.4
PJD28,SIMCOE,N,Canada,ON,N,44.3833,-79.6833,256,6.588008264,725,15,41,,,,,,,,69.08211514,190.6536609,612.26,
PJD29,SMOKE,N,Canada,ON,N,45.51792539,-78.68207407,421,3.885569165,6.071,14.5,,96.22,112,34.4,878.9,1.267,5.94,3.76,64.44552929,219.0195161,597.67,0.6
PJD3,CANOE,N,Canada,ON,N,45.55404319,-78.71889901,420.3,3.885569165,3.775,9.7,,35.04,292.6,23.83,121.1,3.349,4.58,3.53,64.44552929,219.0195161,596.4,0.6
PJD30,ST NORA,N,Canada,ON,N,45.15506612,-78.8334077,332.8,4.540853734,2.62,16,39,34.6,525,15.57,73.7,5.432,6.97,2.69,64.8918712,268.6707359,619.3,0.5
PJD32,TEMISKAMING,N,Canada,ON,N,47.06136196,-79.4056019,174,3.276016326,49.06,27.9,,1370.99,48599.3,130,23.7,670.062,6.24,5.24,61.96748054,159.5975635,453.58,1.9
PJD33,TWELVE MILE,N,Canada,ON,N,45.0167,-78.7167,307.5,4.540853734,3.368,11.8,25,,,,,,,,64.8918712,268.6707359,606.53,
PJD4,CHEMONG,N,Canada,ON,N,44.45919467,-78.40556979,246,6.510772489,113.16,11.9,7,1351.52,6407.6,433.48,203.4,76.896,2.2,11.5,69.98374111,194.5536621,544.88,1.5
PJD5,CHESLEY,N,Canada,ON,N,44.55413595,-81.22296301,224,6.4556912,2.08,4.1,,8.47,11.2,8.49,942.1,0.104,2,1.66,70.0967495,224.0804912,697.22,0.7
PJD6,COUCHICHING,N,Canada,ON,N,44.6683,-79.3684,218.8,6.588008264,42.43,6,12,,,,,,,,69.08211514,190.6536609,613.94,
PJD7,DRC LAKES MEAN,N,Canada,ON,N,45.22,-78.93,338.51,4.540853734,0.52,8.8,23.1,,,4.63,,,,,64.8918712,268.6707359,625.18,
PJD8,EAGLE,N,Canada,ON,N,45.1333,-78.5167,348.1,4.540853734,2.347,,24.4,,,12.45,,,,,64.8918712,268.6707359,595.72,
PJD9,GOLD,N,Canada,ON,N,44.72880452,-78.28147952,295,5.590853757,21.13,12.7,,267.83,328.8,131.35,728,4.258,3.75,8.06,66.79105821,205.7853699,562.43,0.9
RA1,LAKE MUEGGELSEE,E,Germany,,Y,52.43696615,13.65000026,32.37,9.558536754,7.3,4.9,8,47.99,7611.3,11.5,16.7,33.169,2.43,1.14,80.90406657,112.217075,145.6,1.2
RA2,NEHMITZSEE,E,Germany,,Y,53.13455519,12.98446345,59,9.046138374,1.7,6.4,18.6,4.49,38.1,14.1,284,0.183,4.25,2.08,80.53008255,125.1000017,95.99,0.4
RAA1,BUFFALO HARBOR TO LONG POINT,N,United States,NY,N,42.88,-78.9,173.74,9.112805047,,27,62,,,,,,,,73.08699324,193.373174,439.54,
RAA3,GRAND TRAVERSE BAY,N,United States,MI,Y,44.75,-85.61666667,176.45,8.070528603,717.427,46,100,,,,,,,,70.17317187,117.5829289,815.61,
RAA4,GREEN BAY AT MENOMINEE,N,United States,MI,Y,45,-87.64,176.45,8.070528603,4212,9,53,,,,,,,,70.17317187,117.5829289,869.1,
RB13,KEITELE SE,E,Finland,,N,62.76666667,26.4,99,3.418495999,55,6.3,65,,,,,,,,70.98780624,88.10000186,196.25,
RB14,KEITELE SW,E,Finland,,N,62.56666667,25.83333333,99,3.418495999,9,6.3,65,,,,,,,,70.98780624,88.10000186,190.86,
RB18,VATIANJARVI E,E,Finland,,N,62.48333333,25.9,89,3.350609803,6,4.05,27.8,,,,,,,,71.39674923,87.15853792,199.69,
RB19,KOIVUJARVI S,E,Finland,,N,63.61666667,26.23333333,131,3.246544784,2,6.6,,,,,,,,,69.59918833,82.35853766,131.55,
RB2,RUKAVESI S,E,Finland,,N,62.9,30.23333333,94,2.422357765,24,,,,,,,,,,72.22683046,90.96829427,254.09,
RB20,KOSKIVESI W,E,Finland,,N,62.96666667,26.71666667,98,3.562601677,4,,,,,,,,,,70.96910728,85.65122098,193.67,
RB22,NIINIVESI W,E,Finland,,N,62.76666667,26.68333333,98,3.562601677,20,11,29,,,,,,,,70.96910728,85.65122098,208.45,
RB23,KIESIMA W,E,Finland,,N,62.76666667,26.51666667,101,3.562601677,8,7.63,31.69,,,,,,,,70.96910728,85.65122098,200.79,
RB24,POHJOIS KONNEVESI W,E,Finland,,N,62.76666667,26.4,95,3.418495999,25,10.61,57.12,,,,,,,,70.98780624,88.10000186,196.25,
RB25,KONNEVESI W,E,Finland,,N,62.61666667,26.35,95,3.418495999,10,9.8,54.1,,,,,,,,70.98780624,88.10000186,207.31,
RB26,VANGINVESI E,E,Finland,,N,62.56666667,26.23333333,90,3.681097642,1.5,5.46,23.57,,,,,,,,68.75772501,99.06097731,206.33,
RB27,KYNSIVESI W,E,Finland,,N,62.36666667,26.16666667,88,3.681097642,2,9.2,54,,,,,,,,68.75772501,99.06097731,207.54,
RB28,KUUHANKAVESI S,E,Finland,,N,62.35119475,26.39597084,99,3.580487867,2,6.3,24,111.73,192.9,40.96,718.1,1.801,2.12,2.74,70.96422912,95.00975743,200.72,1
RB3,HOYTIAINEN S,E,Finland,,N,62.869664,29.69260778,87,2.491869969,110,8.4,,8198.09,611.4,310.78,13418.9,7.071,2.84,5.21,72.60406662,102.1439043,242.25,3.2
RB30,PETAJAVESI N,E,Finland,,N,62.25,25.16666667,111,3.696341517,2,4.21,26.59,,,,,,,,71.44553009,82.6780502,183.42,
RB31,SALOSJARVI S,E,Finland,,N,62.06666667,25.16666667,103,3.696341517,2,4.46,13.4,,,,,,,,71.44553009,82.6780502,178.82,
RB32,ISOJARVI W,E,Finland,,N,61.70834175,25.03625528,119,3.663821206,3,29.3,68,562.47,199.8,81.83,4041,1.611,7.92,5.27,69.93739995,90.38048956,142.91,0.7
RB34,JOUTSJARVI C,E,Finland,,N,61.51666667,25.85,85,3.681097642,4,3.79,23.66,,,,,,,,68.75772501,99.06097731,111.75,
RB38,KYYVESI E,E,Finland,,N,62.00121175,27.08213804,101,3.834959426,4,5.4,35.25,2538.08,1314.5,500.45,2716.5,10.814,2.8,11.56,72.23008272,83.1390259,160.57,1.6
RB39,PYHAVESI E,E,Finland,,N,61.40828075,26.92726149,82,4.042276513,15,8.7,26.82,613.15,6131.7,170.38,147.5,48.127,4.77,8.38,71.6804888,108.1024408,94.52,0.9
RB4,ORIVESI SE,E,Finland,,N,62.1,29.88333333,75,3.842276506,30,9.8,74,,,,,,,,69.82764382,94.86341657,165.02,
RB40,VUOHIJARVI E,E,Finland,,N,61.2861995,26.79141077,77,4.042276513,30,16.3,64,5270.6,5170.4,462.84,1486.2,41.045,4.63,10.05,71.6804888,108.1024408,83.11,1.9
RB42,LOHJANJARVI E,E,Finland,,N,60.25189425,23.96158096,32,4.63150413,40,12.6,54,1797.59,2097,268.21,891.3,23.342,3.9,7.79,71.5219529,115.8170752,23.9,1.7
RB43,LANGELMAVESI S,E,Finland,,N,61.43333333,24.15,84,3.67540655,5,7.8,60,,,,,,,,72.77805031,88.59024576,125.18,
RB45,JALANTIJARVI E,E,Finland,,N,61.163927,23.74204762,83,4.104268368,4,5.1,6.14,31.68,555.3,21.84,71.8,5.107,1.78,2.47,73.63577382,90.99512347,96.65,0.9
RB47,PIHLAJAVESI SE,E,Finland,,N,62.35383625,24.24981593,139,3.736991934,5,5,18.2,216.82,416.9,61.95,708.3,3.543,3.21,3.85,71.98455441,76.55122101,142.8,1
RB48,SINERVAJARVI NW,E,Finland,,N,62.39425525,24.812761,139,3.689430976,4.5,10.2,37.2,27.29,31.6,14.25,1153,0.274,2.61,1.94,71.51788749,75.2097576,160.52,0.6
RB49,UKONSELKA E,E,Finland,,N,62.1418225,24.43942349,106,3.736991934,9,8.6,40.99,178.05,216.4,58.05,1072.2,1.922,2.68,3.59,71.98455441,76.55122101,154.61,1.4
RB5,MAANINKAJARVI NE,E,Finland,,N,63.21666667,27.23333333,82,3.467886229,10,12.2,69,,,,,,,,71.64878185,87.59268422,198.38,
RB50,PALOSELKA E,E,Finland,,N,62.01666667,24.46666667,96,3.736991934,1,4,22.18,,,,,,,,71.98455441,76.55122101,152.44,
RB51,LEPPASJARVI E,E,Finland,,N,61.9178735,23.07758628,101,4.044105756,2,4.2,12.6,17.32,431.2,12.96,49.8,4.028,4.82,2.56,73.24715619,94.81219683,78.76,0.4
RB52,JAMIJARVI E,E,Finland,,N,61.8063935,22.65952876,101,4.183333403,9.2,5.1,28,125.5,365.9,59.89,409.6,3.546,4.46,5.39,72.00162767,99.50487954,56.18,0.4
RB53,KYROSJARVI W,E,Finland,,N,61.78630625,23.09309838,83,4.044105756,15,10.6,48,2268.92,2141.5,271,1299.8,20.203,4.64,7.77,73.24715619,94.81219683,76.17,1.5
RB56,EVIJARVI S,E,Finland,,N,63.41310875,23.47519748,61,3.14430898,7,0.7,,173.07,1893.8,81.37,132.8,15.087,1.92,4.36,71.92439127,76.05122068,39.07,1
RB57,AITTOSELKA E,E,Finland,,N,64.19231625,29.00138142,160,1.974187015,1.5,8.1,,55.91,508.7,34.05,103,6.285,2.96,3.66,72.59674922,73.12439143,188.86,0.5
RB58,NUASJARVI N,E,Finland,,N,64.20038375,27.89859997,138,2.223983757,96.8,8.6,48,1166.34,8152.4,134.65,140.7,95.959,2.67,3.91,72.98861933,69.35122069,138.49,2.7
RB60,PORTIMOJARVI W,E,Finland,,N,66.37136925,23.93137349,63,1.012195126,3,3.6,1.66,15.79,3294.2,13.69,3,61.587,1.35,1.85,70.09187156,114.1463434,58.68,0.6
RB61,IIJARVI SW,E,Finland,,N,69.38333333,27.61666667,193,-1.250813046,6,,,,,,,,,,71.52520476,77.00487929,79.27,
RB62,INARI E,E,Finland,,N,69.05,28.4,119,-1.250813046,8,14.4,91.8,,,,,,,,71.52520476,77.00487929,79.56,
RB7,OSMAJARVI N,E,Finland,,N,62.4183645,27.7416392,79,3.740853736,4,9.6,18,92.49,1493,50.4,81.7,13.097,3.22,4.58,71.77561126,90.0463429,193.16,0.6
RB8,PIHLAJAVESI N,E,Finland,,N,61.86666667,28.83333333,76,3.842276506,15,,,,,,,,,,69.82764382,94.86341657,124.8,
RB9,SAIMAA S,E,Finland,,N,61.08333333,28.26666667,76,3.842276506,15,17,82,,,,,,,,69.82764382,94.86341657,45.28,
RH1,RANGELEY LAKE,N,United States,ME,N,44.94957973,-70.69902668,463,3.577642342,24.3,1.9,45,48.3,265.4,45.2,89.4,6.252,5.19,2.53,69.10813159,315.9146398,118.97,1.6
SCH1,RAWSON LAKE,N,Canada,ON,N,49.65,-93.71666667,304,2.506097602,2,7,,,,,,,,,59.32764323,77.79756247,809.45,
TB01,LAKE ERKEN,E,Sweden,,N,59.844725,18.56582286,11.1,6.329471645,23.7,9,20.65,167.22,138.7,46.53,1897.5,1.02,2.26,2.73,71.96991993,83.02439184,13.72,1.5
USGS1,CHAMPLAIN,N,United States,NY,Y,44.30617791,-73.32589497,95,7.143699319,1127,19.5,122,25800,21344.2,944.7,727,410.763,,8.15,70.88455408,161.1951254,248.51,5.8
VSV10,LAKE GUSINOYE,A,Russia,BURYAT REPUBLIC,N,51.19970405,106.4234276,550,-0.888414662,163,15,23,2950.33,1068.1,65.38,8260.1,4.134,2.97,1.46,58.22926898,24.9000004,1604.95,4.2
VSV11,LAKE JACK LONDON,A,Russia,MAGADANSKAYA DISTRICT,N,62.07291667,149.5468745,802,-12.23455307,14.4,33.2,,479.59,148.6,29.66,4680.3,1.186,9.4,2.2,63.31951349,34.35853721,256.49,0.8
VSV12,LAKE KHANTAYSKOYE,A,Russia,KRASNOYARSKY DISTRICT,N,68.36675008,91.68958479,73,-11.74227666,822,73,20,65785.55,11983.6,610.2,4731.2,160.932,,5.73,68.67073295,70.66341604,343.23,6.3
VSV13,LAKE KUBENSKOYE,E,Russia,VOLOGODSKAYA DISTRICT,N,59.65884688,39.42197205,108,3.090243971,427.83,1.3,166,2852.01,14501,302.22,261.7,126.137,0.97,4.12,81.2195139,95.38536786,471.28,4.8
VSV14,LAKE LATCHA,E,Russia,ARKHANGELSKAYA DISTRICT,N,61.32708333,38.74854466,118,2.795935003,351,1.3,3.6,1378.47,12715.9,114.01,140.7,113.432,0.76,1.86,81.87073303,98.50975786,280.46,6.2
VSV15,LAKE B.LEPRINDO,A,Russia,CHITINSKAYA DISTRICT,N,56.4,117.2,984,-10.81666687,17.3,18,65,,,,,,,,55.67886238,13.11707335,1140.69,
VSV16,LAKE M.DARPIR,A,Russia,SAKHA REPUBLIC,N,64.14373711,147.9854808,819,-17.37459384,4,31.4,,410.66,2564.8,28.69,374.6,12.688,9.13,2.24,59.49187063,22.53902483,494.15,0.7
VSV17,LAKE NICHATKA,A,Russia,CHITINSKAYA DISTRICT,N,57.45,117.28,560,-10.55020346,37.3,,,,,,,,,,62.04959407,18.01707342,1144.27,
VSV18,LAKE NYAKSHINGDA,A,Russia,EVENK AUTONOMIC DISTRICT,N,67.00499268,93.53625309,272,-12.32134166,86.2,9,,634.36,789.2,101.06,694,10.579,2.15,3.39,66.51219611,59.9975619,495.73,2.2
VSV19,LAKE SENEZHSKOYE,E,Russia,MOSCOVSKAYA DISTRICT,N,56.21050212,37.00696144,190,5.120122059,8.5,3.9,6.6,90.99,85.6,23.14,1857.4,0.567,3.3,2.14,81.33170899,124.2585385,570.82,1.4
VSV2,LAKE IMANDRA,E,Russia,MURMANSKAYA,N,67.72290175,33.11725251,127,-0.901422795,876,13,67,10800,10428.9,760,1268.1,98.574,,10.58,76.21057042,124.3512215,71.74,3.6
VSV20,LAKE SHAKSHINSKOYE,A,Russia,CHITINSKAYA DISTRICT,N,52.15625,112.7353799,963,-4.090040749,53.6,3.4,6.3,371.15,899,29.77,1558.1,2.757,1.88,1.16,40.22439104,7.102439133,1400.92,3.1
VSV21,LAKE SHIRA,A,Russia,KHAKASSIA,N,54.50861111,90.20326894,390,0.089634169,32,11.9,21.6,224.26,844.9,24.96,1706.5,1.521,1.83,1.18,58.68292739,48.75853757,1565.39,2.6
VSV22,LAKE SOSNOVOYE,A,Russia,BURYATIYA,N,52.55646905,111.5287941,950,-4.142073256,24,2.5,,58.23,163.5,24.39,1501.1,0.449,0.89,1.42,42.59430975,9.141463606,1482.06,2.1
VSV23,LAKE SUUREEN-KUEL,A,Russia,SAKHA REPUBLIC,N,65,130.41,731,-18.08760195,2.3,,21,,,,,,,,62.22357801,16.91219545,637.01,
VSV24,LAKE TAYMYR,A,Russia,TAYMYR AUTONOMIC DISTRICT,N,74.52404446,101.276011,6,-15.40365885,4560,2.8,26,12800,92284.1,2157.26,184.1,804.64,,8.69,55.35284622,35.14878114,172.43,10.4
VSV25,LAKE TCHALPAN,A,Russia,KHAKASSIA,N,53.2,91.3,296,1.35853663,1,,4.6,,,,,,,,52.62682989,45.38292753,1722.96,
VSV26,LAKE TCHUKCHAGIRSKOYE,A,Russia,KHABAROVSKY DISTRICT,N,52,130.36,70,-1.706300802,366,2,6,,,,,,,,40.74715509,22.33170773,442.1,
VSV27,LAKE ULAKHAN-KUEL,A,Russia,SAKHA REPUBLIC,N,60.4,120,78,-6.448170865,67.8,,3,,,,,,,,68.37317195,30.72682971,1091.58,
VSV29,LAKE TELETSKOYE,A,Russia,GORNO-ALTAISKY AUTONOMIC,N,51.57168172,87.66884552,435,-1.446544752,223,174,330,31461.22,19893.2,190.76,1675.1,217.377,16.51,3.64,50.73658604,45.85122028,1834.45,2.5
VSV3,LAKE ARAKHLEY,A,Russia,CHITINSKAYA DISTRICT,N,52.20694444,112.8778394,967,-4.090040749,58.5,10,17,519.07,439.7,32.19,4160.5,1.444,2.25,1.2,40.22439104,7.102439133,1404.45,3.4
VSV30,LAKE BOLSHIE CHANY,A,Russia,NOVOSIBIRSKAYA DISTRICT,N,55.33,60.54,242,2.718902501,1990,2.2,9,,,921,,,,,61.7756107,64.43902566,1329.21,
VSV31,LAKE KULUNDINSKOYE,A,Russia,ALTAY DISTRICT,N,52.97972222,79.57522114,95,2.970325258,728,2.8,4.9,1848.71,16101.6,207.38,765.7,27.944,,2.26,59.0243908,52.43658643,1528.93,10.5
VSV32,LAKE UBINSKOYE,A,Russia,NOVOSIBIRSKAYA DISTRICT,N,55.47094699,80.04726506,120,1.36483745,440,3.4,3,1442.47,1191.7,100.51,8838.2,1.889,0.54,1.38,59.55365911,57.35365951,1269.06,7.6
VSV33,LAKE SARTLAN,A,Russia,NOVOSIBIRSKAYA DISTRICT,N,54.98043958,78.5976824,110,1.732926902,238,3,6,771.44,2602,77.2,1997.9,4.469,0.63,1.45,55.52926893,47.06341527,1297.32,7.6
VSV34,LAKE UVILDY,A,Russia,CHELYABINSKAYA DISTRICT,N,55.53485569,60.48999079,275,1.956097609,68.1,14,38,777.38,121.2,72.33,16569.8,0.543,2.99,2.61,64.51951311,73.08780618,1308.75,3.1
VSV35,LAKE ARGAYASH,A,Russia,CHELYABINSKAYA DISTRICT,N,55.48958876,60.91717229,243,2.718902501,7,5,8,37.55,35.3,10.93,4938.2,0.088,1.75,1.15,61.7756107,64.43902566,1305.24,1.4
VSV36,LAKE LADOGA,E,Russia,LENINGRADSKAYA DISTRICT,N,60.84168769,31.6291089,5,4.420731791,18130,51,230,837000,279581.2,1570,3833.3,2527.206,,3.84,74.03983884,98.46341603,121.54,56.3
VSV37,LAKE ONEGA (PETROZAVODSK),E,Russia,KARELIYA,N,61.88541667,35.25640261,33,3.197154536,9900,30,120,262000,59064.3,1540,4918.7,616.51,,6.82,73.67235922,97.936587,233.98,25.1
VSV38,LAKE ILMEN,E,Russia,PSKOVSKAYA DISTRICT,N,58.27319716,31.30041423,18,5.349390348,982,2.6,10,12000,67185.8,411.38,237,586.006,,3.75,80.81138357,89.43902657,188.89,11.4
VSV39,LAKE TCHUDSKO-PSKOVSKOYE,E,Estonia,PSKOVSKAYA DISTRICT,N,58.42791667,27.48355062,30,5.450000092,3560,7.1,15.3,25070,47673.7,520,860.8,337.098,,3.5,80.46992006,95.18780664,110.13,20.6
VSV4,LAKE AZAS,A,Russia,TUVA REPUBLIC,N,52.39135159,96.50717836,941,-3.642073227,51.5,17.3,,886.44,2758.1,94.58,438.3,23.406,4.06,3.72,49.16097632,30.14390287,1934.88,1.6
VSV40,LAKE SYABERO,E,Russia,LENINGRADSKAYA DISTRICT,N,58.47,29.09,45,5.330894417,14.2,2.2,7,,,,,,,,81.15203402,107.0902458,125.25,
VSV41,LAKE SYAMOZERO,E,Russia,KARELIYA,N,61.94791531,33.18325069,108,2.928455336,266,6.5,24,8564.29,1459.2,151.6,9885.7,10.027,4.23,2.61,80.87479819,102.1853671,266.34,4.6
VSV42,LAKE LOVOZERO,E,Russia,MURMANSKAYA DISTRICT,N,67.86366916,35.18198326,153,-0.460772355,223,5.8,35,2181.08,1481.5,178.36,1544.5,16.344,2.14,3.87,79.27398502,103.3829284,127.52,2.7
VSV43,LAKE UMBOZERO,E,Russia,MURMANSKAYA DISTRICT,N,67.71041667,34.4052988,152,-0.936788656,313,15,115,8178.47,2027.9,190.47,4791.6,19.755,3.36,3.01,77.97073361,119.3829293,92.06,5.2
VSV44,LAKE ASLI-KUL,E,Russia,BASHKIRIYA,N,54.18,54.37,205,3.491666733,23.3,5.1,8.1,,,,,,,,69.30000125,101.6756113,1311.63,
VSV6,LAKE BARUN-TOREY,A,Russia,CHITINSKAYA DISTRICT,N,50.06971951,115.8089656,598,-0.636178881,803.78,4.5,,3617.02,25184.8,267.74,1981.3,21.129,,2.66,42.50081372,7.751219631,1095.83,8.6
VSV7,LAKE BAUNT,A,Russia,BURYAT REPUBLIC,N,55.20597222,113.0076726,1065,-7.477235907,111,17,33,2429.79,10256.4,52.58,403.6,69.684,3.69,1.4,49.10569168,10.10975631,1411.07,4.4
VSV9,LAKE EMANDGA,A,Russia,SAKHA(YAKUT)REPUBLIC,N,65.2,135.45,672,-17.07418735,33.1,,15,,,,,,,,52.29268349,12.70487829,632.63,
WPS01,BLACK OTTER LAKE,N,United States,WI,N,44.333,-88.637,240.18,7.034146458,0.3,,2.7,,,,,,,,69.70081422,106.990246,974.55,
WPS02,CLEAR LAKE,N,United States,WI,N,42.7996525,-88.97973798,250,8.184349752,0.33,4.1,6.1,1.38,3.8,2.42,515.4,0.031,2.91,1.18,70.19674934,127.6536609,1091.21,0.3
WPS04,WEST BAY LAKE,N,United States,WI,N,46.2,-89.43,512,3.631910647,0.7,,9.45,,,,,,,,68.91138359,94.74390436,855.38,
WRS191,AISHIHIK LAKE,N,Canada,YT,N,61.40847166,-137.1031904,936,-4.918496013,147.43,49.7,120,7333.6,2547.8,176.75,6896.3,12.308,7.16,4.11,60.09268347,33.36341509,201.05,1.9
WRS192,ALLEN LAKE,N,Canada,BC,N,58.41666667,-130,231,-1.153861817,0.12,2,5,,,,,,,,68.16341599,77.98292826,195.89,
WRS193,ALLUMETTE LAKE,N,Canada,ON,N,45.97959088,-77.30101234,104,4.963821222,213.04,26.6,,5671.9,74577.7,584.91,66.1,992.449,3.81,11.3,65.16260305,166.365857,478.43,1.6
WRS194,ALTA LAKE,N,Canada,BC,N,50.11350083,-122.9808607,641,2.273983766,1.04,10.9,25,11.3,38.4,5.49,85,1.538,8.19,1.52,72.40000156,431.070741,47.31,0.4
WRS195,ANAHIM LAKE,N,Canada,BC,N,52.35,-125.3333333,1083,2.01504069,5.95,1.7,5.18,,,,,,,,71.58374141,226.9853694,113.86,
WRS196,ATHAPAPUSKOW LAKE,N,Canada,MB,N,54.62191537,-101.6544849,290,0.14268294,255.67,17.8,71,4554.23,1859.6,484.88,18967.6,2.779,2.57,8.55,55.0146347,50.49512292,610.69,3.6
WRS197,ATLIN LAKE,N,Canada,BC,N,59.56296493,-133.7535891,669,-1.873170779,589.46,85.5,283,50398.11,7013.3,629.06,6852.2,85.128,,7.31,66.2821151,74.0585379,84.56,4
WRS199,ATTAWAPISKAT LAKE,N,Canada,ON,N,52.24489102,-87.88040441,240,-1.37073173,199.73,14.4,,2881.38,21713.7,715.7,152.7,218.437,2.27,14.29,55.06422821,78.04390401,375.7,1.5
WRS203,BAKER LAKE,N,Canada,NT,N,64.12976834,-95.16335496,2,-11.61382134,1664.7,60,,99882,244118.8,896.5,702.1,1646.452,,6.2,45.59349679,22.51463463,65.08,9.9
WRS204,BALLENDEN LAKE,N,Canada,NT,N,68.5334933,-88.62221565,129,-13.91097583,18.84,5.8,,109.11,54.9,29.02,2950.7,0.428,1.95,1.89,43.6178868,6.156097657,25.25,1.3
WRS205,BARROW LAKE,N,Canada,NT,N,68.41002016,-89.53179451,81,-13.65691081,33.37,12.8,,426.54,157.7,61.67,3927.4,1.257,3.43,3.01,43.6780496,5.400000088,14.46,1.5
WRS207,BASS LAKE,N,Canada,ON,N,44.60202274,-79.50919142,249,6.488414752,5.49,5,10,27.69,53.6,10.76,807.4,0.397,1.83,1.3,66.93170855,265.3463447,617.84,1
WRS209,BEAR LAKE,N,Canada,AB,N,55.18333333,-118.8833333,660,1.880691101,33,4,,,,,,,,,65.01382257,67.86585476,600.95,
WRS211,BEAVERLODGE LAKE,N,Canada,SK,N,59.51210756,-108.5557784,240,-3.224187056,47.68,26.8,,1278.14,294.9,90.04,18308.6,0.808,6.05,3.68,52.59837462,47.19756181,766.14,1.8
WRS212,BIG QUILL LAKE,N,Canada,SK,N,51.88152967,-104.3614131,510,1.521544746,272.89,3.3,,914.13,8684.5,108.25,815,12.982,0.59,1.85,60.32357838,48.88536681,933.82,7.5
WRS213,BIG TROUT LAKE,N,Canada,ON,N,53.78206909,-90.06008218,206,-2.225813065,644.1,16,40,10305.54,4491.7,655.98,4149.6,28.744,,7.29,52.1479682,71.89268399,294.11,6.1
WRS214,BIGWOOD LAKE,N,Canada,ON,N,50.11316662,-91.89341213,372,1.345121981,0.4,4.3,,1.73,5.6,3.05,266.8,0.075,3.11,1.36,57.77479764,92.85853826,717.86,0.3
WRS216,BURNS LAKE,N,Canada,BC,N,54.20496152,-125.7297347,697,2.600813041,12.55,16.2,40,203.74,746.7,72.76,810.6,2.909,5.2,5.79,73.34959486,91.11463598,176.43,0.6
WRS221,CHURCHILL LAKE,N,Canada,SK,N,55.97592039,-108.3329938,415,0.1117886,543.87,7.5,24,4079.05,21084.7,417.95,1609.1,29.341,,5.06,58.25935038,48.71707396,869.61,7.5
WRS222,CLEARWATER LAKE,N,Canada,MB,N,54.06372583,-101.0797116,257,-0.256097567,283.92,8.7,,2471.63,649.6,148.48,88021.1,0.325,1.35,2.49,54.54390335,53.39268384,610,7.2
WRS223,COLD LAKE,N,Canada,AB,N,54.53806804,-110.0722695,531,0.747154513,346.85,43.6,100,15131.9,6543.5,116.58,13276,13.192,5.24,1.77,59.52195225,51.49512279,1045.15,7.7
WRS225,CONTWOYTO LAKE,N,Canada,NT,N,65.59645778,-110.5832805,435,-11.12052862,1053.82,22.2,,23383.42,9841.5,1449.04,7515.1,36.013,,12.59,49.22601684,25.81951272,172.38,3.9
WRS226,CRANBERRY LAKES,N,Canada,MB,N,54.56788482,-101.1162302,294,-0.48597564,110.29,9.4,,1035.79,643.1,195.91,7794.7,1.538,1.79,5.26,54.16422845,54.21951332,581.24,2.4
WRS228,CROOKED LAKE,N,Canada,BC,N,59.9121886,-126.4288144,556,-2.038414663,1.17,7.1,,8.28,179.8,11.65,77.9,1.231,4.71,3.04,63.9138223,66.1731718,443.01,0.3
WRS229,DAUPHIN LAKE,N,Canada,MB,N,51.28021069,-99.77563912,258,2.323374036,515.73,2.3,3,1207.9,8948.4,143.18,975.5,14.332,,1.78,56.1715456,66.22439158,772.59,8.7
WRS230,DEADMANS POND,N,Canada,NF,N,48.92665742,-54.53754457,118,4.035365912,2.54,1.8,,4.67,15.2,10.67,126.3,0.428,0.73,1.89,68.70406658,330.695127,28.82,0.6
WRS232,DEER LAKE,N,Canada,NF,N,49.09380279,-57.57219811,5,3.328658595,67.81,19.8,,1345.88,7533.8,69.95,73.5,211.842,4.33,2.4,69.54227779,338.2804921,21.7,1.9
WRS234,DIEFENBAKER LAKE,N,Canada,SK,N,50.95254327,-106.9076225,551,3.575203332,391.72,25.2,66,9870,118913.8,750.71,435.7,262.165,2.99,10.7,62.05935061,46.46829361,1136.05,2.2
WRS236,EKAPO LAKE,N,Canada,SK,N,50.32302423,-102.5724065,587,2.460365869,4.28,3.5,,15.13,199,31.36,1683.8,0.104,1.32,4.28,59.61219602,54.27561085,974.34,0.5
WRS237,ELDON LAKE,N,Canada,MB,N,56.80917447,-101.0137042,327,-2.993292747,4.6,3.9,,18.04,400.2,18.81,65,3.212,1.45,2.47,52.93983813,53.46097669,436.4,0.7
WRS238,ENNADAI LAKE,N,Canada,NT,N,60.99052411,-101.3829192,303,-7.975406626,709.89,19.6,,13895.13,21094.1,1144.37,1241,129.591,,12.12,49.35935044,33,364.7,4.1
WRS240,FARNSWORTH LAKE,N,Canada,MB,N,58.68908071,-94.05643858,13,-6.579268402,3.92,1.4,,5.32,16.1,10.53,322.2,0.191,0.44,1.5,50.61544778,44.9658545,6.59,0.7
WRS241,FENOR LAKE,N,Canada,NT,N,69.0869227,-79.02472401,27,-12.67296769,1.03,1.7,,1.7,3.6,5.33,1402,0.014,0.89,1.49,44.97398437,19.7390247,1.62,0.5
WRS243,FRAME LAKE,N,Canada,NT,N,62.45389539,-114.3900686,186,-4.61686999,0.9,3.4,,3.04,3.4,7.92,3199.8,0.011,1.43,2.36,52.61544806,46.22195209,553.8,0.1
WRS247,GLENMORE RESERVOIR ELBOW RIVER,N,Canada,AB,N,50.98792659,-114.1101455,1072,2.591666699,3.15,6.2,22,19.6,1178.8,25.75,25.5,8.883,2.87,4.09,64.03008245,71.80975748,651.72,0.6
WRS248,GOLDEN LAKE,N,Canada,ON,N,45.57614346,-77.35970573,167,4.963821222,36.16,9.1,25,330.71,1483.7,57.61,233.1,16.418,2.52,2.7,65.16260305,166.365857,493.7,2.1
WRS249,GOSHEN LAKE,N,Canada,NS,N,45.37677712,-61.97722536,75,5.955284657,0.13,2.9,,0.37,3.6,1.46,39.3,0.11,1.99,1.16,67.59593604,361.746347,20.9,
WRS250,GRACE LAKE,N,Canada,MB,N,53.8251327,-101.1653297,257,0.046341494,9.34,2.4,,22.06,17,18.9,63819.4,0.004,0.62,1.74,55.31869997,50.57073263,631.95,1.3
WRS251,GRAHAM LAKE,N,Canada,ON,N,49.25875425,-90.56663095,484,1.189837435,1.96,4.2,,8.32,58.8,7.6,142.6,0.675,2.14,1.53,59.72926901,93.73658684,707.69,0.5
WRS252,GRAND LAKE,N,Canada,NS,N,46.16666667,-60.05,27,5.932317174,2,3,,,,,,,,,68.34227777,407.6268362,3.62,
WRS253,GREAT BEAR LAKE,N,Canada,NT,N,65.91122797,-120.3774395,145,-7.210569241,30450.64,72.2,446,2200000,147665.4,5331.72,47577.7,535.187,,8.62,50.65609825,30.86585422,303.27,39.4
WRS258,GREAT SLAVE LAKE,N,Canada,NT,N,61.88364839,-113.2586476,148,-4.098983814,26734.29,59.1,614,1580000,995312.3,9814.16,4203.2,4350.692,,16.93,52.64390322,41.9609763,576.27,44.6
WRS259,GULL LAKE,N,Canada,ON,N,44.91170215,-79.34731494,249,5.962601757,1.92,4,,7.74,41.9,20.14,240.9,0.372,2.04,4.1,66.80894452,240.6390281,630.43,0.3
WRS261,HEMING LAKE,N,Canada,MB,N,54.8897899,-101.1251688,330,-0.48597564,2.81,4.2,,11.77,57.1,21.44,713.2,0.191,1.86,3.61,54.16422845,54.21951332,566.6,0.4
WRS262,HOURGLASS LAKE,N,Canada,BC,N,52.12179762,-124.0769332,903,2.929878092,0.14,3.6,,0.48,0.9,1.82,1391.4,0.004,2.9,1.4,70.34552976,86.5439039,144.7,0.2
WRS263,INDIAN HOUSE LAKE,N,Canada,QC,N,56.09845063,-64.73684169,298,-5.545122031,35.62,18.6,,661.61,19952.5,96.16,21.6,354.553,4.68,4.55,57.64634218,145.475612,154.17,1.2
WRS265,ISLAND LAKE,N,Canada,MB,N,53.84896408,-94.15890446,225,-0.930081317,964.63,20.1,60,19388.98,13960.8,3868.28,2927.1,76.666,,35.13,53.32683017,62.83414735,350.24,2.2
WRS266,JACKFISH LAKE,N,Canada,AB,N,53.48548564,-114.2373152,729,3.361178911,2.48,5.4,,13.42,22.1,20.41,1784.9,0.087,2.63,3.65,63.13902568,60.18780577,750.21,0.6
WRS267,KALAMALKA LAKE,N,Canada,BC,N,50.23333333,-119.2833333,395,6.635975729,26,57,142,,,,,,,,72.78211535,111.9317092,283,
WRS268,KEJIMKUJIK LAKE,N,Canada,NS,N,44.37200053,-65.2369548,88,6.767073296,25.53,5.8,20,146.96,707.5,102.22,84.3,20.177,1.82,5.71,67.69918833,400.6243971,44.19,1.8
WRS269,KENOGAMISIS LAKE,N,Canada,ON,N,49.70625827,-86.86118679,327,0.279674811,42.35,4.8,,202.58,1270,182.21,119.4,19.642,1.39,7.9,59.55528526,113.4926846,464.9,1
WRS270,KLUANE LAKE,N,Canada,YT,N,61.31808889,-138.7837772,768,-5.086382195,397.6,102.1,91,40596.22,5569.7,312.22,7359,63.849,10.64,4.42,59.02683004,52.3780497,144.25,3.3
WRS271,KNOB LAKE,N,Canada,QC,N,54.8,-66.81666667,508,-5.009552917,2,5,,,,,,,,,58.23089522,139.9658554,339.95,
WRS272,KOOTENAY LAKE,N,Canada,BC,N,49.71459045,-116.8865892,530,0.320325216,421.55,179,154,75445.12,46401.5,392.34,1162.3,751.282,16.92,5.39,72.33821308,381.8463492,420.58,2.7
WRS273,LAC A LA TRUITE,N,Canada,QC,N,51.4649692,-57.17668557,16,1.587601647,1.48,4,,5.9,39.7,9.11,76,0.899,2.2,2.11,65.22032652,231.7121983,4.23,0.5
WRS274,LAC AUX BOULEAUX,N,Canada,QC,N,51.45371165,-57.1769879,19,1.587601647,0.42,3.8,,1.6,41.2,2.38,19.9,0.929,2.38,1.04,65.22032652,231.7121983,4.23,0.4
WRS275,LAC BLOUIN,N,Canada,QC,N,48.17561471,-77.74608617,291,1.408943089,13.76,8.1,,111.5,1047.5,39.88,81,15.937,2.79,3.03,62.02845634,160.8780514,342.5,0.7
WRS276,LAC CACHE,N,Canada,QC,N,49.76666667,-74.53333333,379,0.070731712,3,8,,,,,,,,,62.04552947,141.3219538,343.45,
WRS277,LAC DE MONTIGNY,N,Canada,QC,N,48.05746514,-77.90249535,291,1.408943089,95.88,9.7,,926.48,967.9,274.25,736.1,14.567,2.15,7.9,62.02845634,160.8780514,353.05,2.3
WRS278,LAC DE MORHIBAN,N,Canada,QC,N,51.83182365,-62.89237001,524,-2.359552875,25.88,8.8,,228.42,168.9,92.26,834.5,3.168,2.63,5.12,59.51138303,201.2170767,167.92,1
WRS279,LAC DES SABLES,N,Canada,QC,N,46.04286361,-74.30211621,375,3.29349601,2.85,9.8,,27.76,39.2,19.16,443.2,0.725,5.02,3.2,66.32845635,239.2146392,252.98,0.5
WRS280,LAC LA BICHE,N,Canada,AB,N,54.86460788,-112.0763355,537,1.313008155,238.98,19.6,22,4687.19,4274.5,183.97,4400.9,12.327,2.84,3.36,60.52601723,59.31219603,949.85,4.1
WRS281,LAC LA CHESNAYE,N,Canada,QC,N,49.3249795,-68.18653412,62,1.918495957,5.51,24.1,,132.7,413.9,27.95,192.8,7.965,11.57,3.36,61.98536673,249.6829308,8.42,0.4
WRS282,LAC LA RONGE,N,Canada,SK,N,55.11384124,-104.9716447,360,-0.754471566,1296.47,12.7,,16465.17,15256.8,1911.67,3467.1,54.965,,14.98,57.61544797,62.79512294,749.08,8
WRS283,LAC MALFAIT,N,Canada,QC,N,49.13333333,-68.2,333,1.918495957,0.13,4,,,,,,,,,61.98536673,249.6829308,2.09,
WRS284,LAC MAUSER,N,Canada,QC,N,47.90825076,-74.6194696,419,1.958739889,6.14,8.8,,54.07,641.4,73.91,59,10.611,3.4,8.41,65.37886317,177.268295,283.37,0.3
WRS285,LAC ST JEAN,N,Canada,QC,N,48.64487237,-72.06260198,96,1.767276472,1112.79,11,,12240.69,72559.1,699.95,90.8,1560.694,,5.92,65.35203375,170.2731738,159.57,12.8
WRS286,LAKE ADJACENT TO STATION,N,Canada,QC,N,55.33393916,-63.22034568,470,-5.531097672,1.15,2.9,,3.38,218.8,7.65,9.4,4.171,1.68,2.02,58.37479767,150.9219543,115.58,0.3
WRS288,LAKE ATHABASCA,N,Canada,AB,N,59.11606266,-109.8770332,207,-1.941869934,7528.73,20.6,124,155400,291489.3,2540.35,1503.8,1196.006,,8.26,53.53902505,43.54878138,818.89,20.6
WRS291,LAKE EON,N,Canada,QC,N,51.8593689,-63.29271332,557,-2.978455335,3.56,7.3,,25.95,12.2,14.82,1323.4,0.227,3.29,2.21,59.11788683,201.7585402,173.54,0.5
WRS293,LAKE HA HA,N,Canada,QC,N,48.03346246,-70.84224767,378,1.262601663,8.45,24.9,,210.03,226.7,38.78,478,5.085,10.34,3.76,66.49918818,194.3561012,66.88,0.7
WRS294,LAKE KATHLYN,N,Canada,BC,N,54.82393123,-127.2051839,498,2.217682954,1.31,4.5,,5.86,6.2,5.2,858.1,0.079,2.63,1.28,72.05203411,147.6512212,131,0.5
WRS295,LAKE KENOGAMI,N,Canada,QC,N,48.35226215,-71.27220194,158,1.508130112,58.1,6.4,102,374.1,3447.1,255.42,50.6,85.554,5.43,9.45,66.47317198,196.3414669,94.73,1.2
WRS297,LAKE LABERGE,N,Canada,YT,N,61.17237792,-135.1812986,623,-2.254674844,197.68,55.7,146,11004.88,31035.8,160.51,405.7,313.962,7.38,3.22,62.20000086,22.75121997,189.56,2.8
WRS298,LAKE LOUISE,N,Canada,QC,N,50.65157704,-68.82714787,399,-0.976016298,1.01,4.1,,4.15,19,6.52,155.3,0.309,2.62,1.83,61.47723683,192.3170762,152.55,0.4
WRS299,LAKE MANITOBA,N,Canada,MB,N,50.15,-98.5,245,2.841260232,4752,4,7,,,,,,,,57.50975713,64.89024495,842.33,
WRS300,LAKE MEGANTIC,N,Canada,QC,N,45.51477699,-70.87758614,392,4.046951318,28.67,14.3,,409.3,778.8,80.36,294,16.115,3.9,4.23,68.00000152,211.3439067,148.21,1.1
WRS301,LAKE MINNEWANKA,N,Canada,AB,N,51.25635347,-115.4603036,1469,-0.727439031,21.87,83.6,142,1827.63,870.7,46.64,3326.5,6.359,15.58,2.81,65.80813155,141.3170746,573.69,0.9
WRS303,LAKE OF THE WOODS,N,Canada,ON,N,49.30013028,-94.77504334,320,3.586991936,3472.81,10.7,64,37000,69313.9,5177.27,952.5,449.584,,24.78,60.63170841,68.31707428,857.43,11.8
WRS307,LAKE ROSSIGNOL,N,Canada,NS,N,44.2090685,-65.16175838,81,6.767073296,152.84,5.7,,873.3,1611.1,281.11,212.1,47.655,1.67,6.41,67.69918833,400.6243971,41.7,2.6
WRS308,LAKE ST CLAIR,N,Canada,ON,N,42.49333207,-82.70342626,173,9.167073344,1161.17,2.9,8,3400,592711.4,445.45,4.2,9261.066,,3.69,71.73414789,181.0951245,624.55,13
WRS309,LAKE ST. GEORGES,N,Canada,QC,N,49.81666667,-64.35,5,1.710569145,0.62,3,,,,,,,,,62.96178964,222.5878092,1.27,
WRS310,LAKE UTOPIA,N,Canada,NB,N,45.17450314,-66.78991053,17,5.070528552,13.99,12.5,,174.96,94.2,36.41,916.7,2.209,4.05,2.75,63.66178981,346.9561036,7.29,1.1
WRS311,LAKE WINNIPEG,N,Canada,MB,N,52.04460987,-97.15389632,215,0.860365873,23923.04,11.9,36,284000,919611.5,4018.32,1464.3,2244.727,,7.33,54.95365934,61.49512305,608.49,40.1
WRS312,LAKE WINNIPEGOSIS,N,Canada,MB,N,52.37561403,-99.9392933,251,1.362601645,5035.51,3.2,12,16000,53350.1,2340.45,2392.8,77.392,,9.3,54.83414701,60.82439116,682.29,11.2
WRS313,LAKELSE LAKE,N,Canada,BC,N,54.38088014,-128.5588708,70,5.512804961,13.68,13.2,,180.65,378,25.56,125.7,16.633,4.27,1.95,73.23577385,527.1951318,43.5,0.9
WRS314,LANDING LAKE,N,Canada,MB,N,56.35,-94.7,190,-3.837804908,100,8,,,,,,,,,51.83739918,53.19268403,132.34,
WRS315,LESSER SLAVE LAKE,N,Canada,AB,N,55.41564546,-115.7251909,572,1.338008138,1186.51,11.4,21,13526.56,13479,314.63,3611.7,43.347,,2.58,61.41300918,64.70975749,785.39,9
WRS317,LITTLE KETTLE LAKE,N,Canada,MB,N,56.35,-94.7,164,-3.837804908,11,2,,,,,,,,,51.83739918,53.19268403,132.34,
WRS318,LITTLE LAKE,N,Canada,ON,N,48.59777882,-85.28131108,370,0.80060978,0.17,1.5,,0.26,0.9,1.54,175.5,0.017,0.48,1.06,62.18374072,136.8902461,449.36,0.2
WRS321,LONG LAKE,N,Canada,ON,N,46.61666667,-80.8,327,4.14390253,0.12,4,,,,,,,,,63.83739983,161.6536611,507.82,
WRS322,LONG LAKE,N,Canada,NT,N,62.46666667,-114.45,196,-4.61686999,1,2,,,,,,,,,52.61544806,46.22195209,556.2,
WRS323,LOWER ARROW LAKE (NORTHERN END),N,Canada,BC,N,50.15827643,-117.804515,429,3.483333381,510.05,22.2,,11300,36413.2,586.78,115.9,1128.258,,7.33,73.32601817,372.8243974,372.16,2.2
WRS324,LYNN LAKE,N,Canada,MB,N,56.86666667,-101.0833333,335,-2.993292747,0.54,3,,,,,,,,,52.93983813,53.46097669,437.62,
WRS325,LYNX LAKE,N,Canada,NT,N,62.40565436,-106.3577902,344,-7.685162718,274.25,10.1,,2774.21,6646.7,813.6,1016.2,31.596,1.55,13.86,49.8008135,39.09512253,439.8,2.2
WRS326,MANUAN LAKE,N,Canada,QC,N,50.76599789,-70.67953081,490,-1.582113848,471.19,4.7,,2220.3,4838.6,1089.96,263.4,97.555,2.61,14.16,62.86991994,145.048783,242.63,2.2
WRS327,MARA LAKE,N,Canada,BC,N,50.77184212,-119.0134951,348,5.999796847,17.6,56.7,,997.75,5431.6,35.08,142.4,81.123,14.33,2.36,72.40894473,167.7658564,319.47,1
WRS329,MARYJO LAKE,N,Canada,QC,N,54.81630007,-66.79915307,507,-5.009552917,0.44,2.5,,1.12,17.3,3.88,36.6,0.355,0.99,1.65,58.23089522,139.9658554,337.75,0.2
WRS330,MC LEOD LAKE,N,Canada,BC,N,55.03333333,-123.0333333,675,1.632317101,25,19,,,,,,,,,69.11544818,165.7829295,370.57,
WRS332,MCLAUGHLIN ROAD RESERVOIR,N,Canada,NB,N,46.14863046,-64.81501866,47,5.303861863,0.66,3.4,,2.25,14,7.13,76.1,0.342,1.6,2.47,63.43008234,311.8195171,21.27,0.2
WRS335,MINNOW LAKE,N,Canada,ON,N,46.61666667,-80.8,287,4.14390253,0.33,5,,,,,,,,,63.83739983,161.6536611,507.82,
WRS336,MISSION LAKE,N,Canada,NT,N,63.33333333,-90.71666667,7,-10.97113837,0.19,6,,,,,,,,,44.81382182,22.02195155,1,
WRS338,MOOSE LAKE,N,Canada,BC,N,52.9552891,-118.9102543,1030,-0.334756106,14.04,47.9,,672.74,1680.7,26.43,264.3,29.466,12.99,1.99,70.8796762,241.0609796,461.82,0.9
WRS339,MOUNT HYDE LAKE,N,Canada,NF,N,53.55849212,-64.13092801,418,-3.548577299,4.59,4.4,,20.11,16.7,20.26,598.5,0.389,1.65,2.67,58.09512295,170.9731742,226.22,0.6
WRS340,MUNCHO LAKE,N,Canada,BC,N,58.99388694,-125.7770347,819,-2.886585406,15.32,55.2,,846.07,656.5,32.22,1433.3,6.832,14.42,2.32,65.89756217,73.0292696,419.45,0.9
WRS343,NITA LAKE,N,Canada,BC,N,50.09948592,-122.9951723,641,2.273983766,0.1,5.6,,0.59,10.7,1.55,15,0.453,8.17,1.35,72.40000156,431.070741,47.31,
WRS344,NITCHEQUON LAKE,N,Canada,QC,N,53.11639696,-71.03903892,527,-4.476219583,282.47,10.9,,3077.47,5649.9,1258.52,282.6,126.048,1.64,21.12,59.25853751,121.7902458,443.65,1.6
WRS346,NYM LAKE,N,Canada,ON,N,48.69312627,-91.46938891,425,1.792886208,18.37,6.3,,116.4,76.6,110.56,1961,0.687,2.12,7.28,61.25122033,88.30975744,796.96,0.7
WRS347,OBA LAKE,N,Canada,ON,N,48.6,-85.28333333,341,0.80060978,25,16,,,,,,,,,62.18374072,136.8902461,446.31,
WRS348,OKANAGAN LAKE,N,Canada,BC,N,49.92525777,-119.4942393,342,2.849796789,348.59,107.3,,37401.13,5963.2,280.28,13260.7,32.644,11.46,4.23,73.6853674,198.7243934,254.32,2.5
WRS350,ONE EYE LAKE,N,Canada,BC,N,51.96925686,-124.9019824,901,1.019105708,4.81,10.2,,49.14,561.8,16.58,214.1,2.656,4.41,2.13,71.53008311,233.6365891,117.04,0.7
WRS351,PELICAN LAKE,N,Canada,ON,N,50.07973451,-91.93946441,355,1.345121981,47.28,13.6,,642.68,13515.6,174.32,46.2,161.008,3.36,7.15,57.77479764,92.85853826,723.06,1.5
WRS352,PICKLE LAKE,N,Canada,ON,N,51.45,-90.21666667,353,0.377845503,11,7,,,,,,,,,56.10487859,98.13902599,533.59,
WRS353,PICNIC LAKE,N,Canada,ON,N,48.60990537,-85.26819437,368,0.80060978,2.11,5.1,,10.66,78.4,15.63,81.1,1.521,2.58,3.04,62.18374072,136.8902461,444.16,0.3
WRS356,PLATEAU LAKE,N,Canada,ON,N,48.73952642,-91.47768019,433,1.792886208,6.75,4.8,,32.75,28.6,48.33,1457.9,0.26,1.63,5.25,61.25122033,88.30975744,794.12,0.5
WRS357,PLAYGREEN LAKE,N,Canada,MB,N,54,-97.8,215,-0.392886187,653,4,18,,,,,,,,53.51788674,52.07073252,451.6,
WRS361,PRIMROSE LAKE,N,Canada,AB,N,54.90246038,-109.7358464,595,0.66341463,436.35,9.8,,4275.35,3378.7,237.11,12639.4,3.915,1.35,3.2,59.27479767,47.72926906,1007.58,7.6
WRS362,PRINGLE LAKE,N,Canada,NS,N,45.37625477,-61.95004903,70,5.955284657,0.57,5.3,,3.02,4.2,4.39,271,0.129,4.22,1.64,67.59593604,361.746347,18.86,0.2
WRS363,RAMSEY LAKE,N,Canada,ON,N,46.47342183,-80.93212519,246,5.107317156,7.99,8.8,21,70.08,38.1,28.99,3193.1,0.254,3.08,2.89,64.98943214,176.792686,526.8,0.7
WRS364,RANDOLPH LAKE,N,Canada,ON,N,50.276216,-88.9573025,320,-0.34817073,1.25,11.5,,14.35,52.8,9.57,282.5,0.588,8.13,2.41,57.54715521,96.95853832,546.34,0.3
WRS365,RED INDIAN LAKE,N,Canada,NF,N,48.69200103,-56.91326013,153,3.057317133,187.31,6.8,,1274.3,5839.7,165.56,81.3,181.48,5.2,3.41,69.30325333,277.6658581,78.25,2.8
WRS367,REMI LAKE,N,Canada,ON,N,49.42386522,-82.15046719,225,0.970121959,24.8,6.2,,152.57,126.4,53.41,791.1,2.232,1.94,3.03,62.80325333,133.8365879,232.25,1.1
WRS368,RESOLUTE LAKE,N,Canada,NT,N,74.68890318,-94.94524481,9,-16.198984,1.21,1.3,,1.59,1.9,5.46,1840.5,0.01,0.64,1.4,41.52845597,10.78536603,2.81,0.4
WRS370,RICE LAKE,N,Canada,MB,N,51.03333333,-95.66666667,250,1.307113847,4,7,,,,,,,,,56.23821218,68.49268381,681.97,
WRS374,SARCPA LAKE,N,Canada,NT,N,68.53769551,-83.3571038,153,-14.32764253,17.72,10,,177.87,2014.7,59.2,159.5,12.909,3.18,3.97,44.25284623,17.72682956,29.44,1.2
WRS376,SETTING LAKE,N,Canada,MB,N,54.98551505,-98.63624467,222,-0.856097563,126.02,13.7,,1722.85,10785.4,225.32,514,38.793,2.41,5.66,53.59756188,49.0658544,421.75,1.8
WRS377,SHUSWAP LAKE,N,Canada,BC,N,50.97026513,-119.1156817,348,5.999796847,306.27,143.7,161,44012.76,15277.9,332.39,1998.6,254.885,15.23,5.36,72.40894473,167.7658564,322.95,1.8
WRS378,SKAHA LAKE,N,Canada,BC,N,49.39894188,-119.5806224,335,3.305284605,19.53,47.5,55,927.43,6676.7,31.58,306.2,35.059,12.01,2.02,74.36910719,148.5512222,223.89,1.2
WRS379,PETIT LAC A BOULEAUX,N,Canada,QC,N,51.4603815,-57.19983155,29,1.587601647,0.55,4.9,,2.7,2.3,3.01,579.3,0.054,3.57,1.14,65.22032652,231.7121983,4.23,0.3
WRS381,SONA LAKE,N,Canada,NF,N,53.59301502,-64.02338296,444,-3.548577299,140.29,5.7,,793.1,46056.1,248.24,10.2,902.867,1.95,5.91,58.09512295,170.9731742,218.9,3
WRS383,STEEP ROCK LAKE,N,Canada,ON,N,48.79564581,-91.67027399,389,1.962804909,6.28,10.4,,65.12,4712.9,39.91,16.9,44.688,4.09,4.49,61.07479744,85.3756115,802.72,0.5
WRS384,STOCO LAKE,N,Canada,ON,N,44.46353607,-77.29468255,136,7.058333483,5.64,5.5,,31.22,2189.6,26.59,13.9,25.97,2.03,3.16,70.09349761,213.6829311,486.08,1
WRS385,STUART LAKE,N,Canada,BC,N,54.56183789,-124.590852,678,2.218902493,357.88,66.4,95,23757.06,14172.4,260.19,1910.9,143.891,7.49,3.88,72.23333501,108.8097576,261.72,4.4
WRS386,SUGAR LAKE,N,Canada,BC,N,50.40102716,-118.516484,600,4.772154575,21.68,7.4,,161,1115.4,40.13,79.7,23.375,13,2.43,73.59593653,201.9390285,343,1.8
WRS387,SUMMIT LAKE,N,Canada,BC,N,58.64726165,-124.6670219,1280,-1.925609766,0.29,7.7,,2.19,31.6,4.17,80.2,0.316,11.19,2.2,65.07317191,68.96829382,438.15,
WRS388,SWAN LAKE,N,Canada,BC,N,50.31662202,-119.2572087,387,6.635975729,4.11,5.3,,21.9,41.2,11.13,704.1,0.36,2.17,1.55,72.78211535,111.9317092,287.82,0.7
WRS390,TEMISCOUATA LAKE,N,Canada,QC,N,47.68990327,-68.86915174,147,2.801829341,65.48,33.8,,2210.68,2575.7,92.67,492.6,51.94,6.91,3.23,64.89431,219.4390273,50.28,1.4
WRS391,TESLIN LAKE,N,Canada,YT,N,59.97152733,-132.3988715,683,-1.853658562,355.58,69.7,,24791.23,22000.4,440.72,785.6,365.259,7.83,6.59,65.44634281,80.92195245,172.72,2.1
WRS393,TUKANEE LAKE,N,Canada,ON,N,48.63530803,-85.22399329,406,0.80060978,3.18,11,,35.08,46.2,11.6,459.8,0.883,5.6,1.84,62.18374072,136.8902461,442.01,0.6
WRS395,TROUT LAKE,N,Canada,ON,N,46.31709024,-79.34309193,201,4.560162671,22.05,17.8,,393.36,173.1,94.24,1921.8,2.369,5,5.66,63.46097667,175.3365885,538.27,1.1
WRS399,UNNAMED LAKE,N,Canada,NT,N,69.23097357,-77.19581274,8,-12.60365877,4.48,2.5,,11.29,2.1,19.96,14514.7,0.009,0.87,2.66,45.44878102,18.56829294,5.81,0.9
WRS410,UNNAMED LAKE,N,Canada,NT,N,68.3115483,-100.0740808,12,-14.19390264,0.58,2.1,,1.23,0.6,3.84,7094,0.002,0.62,1.42,44.52032579,12.40975633,0.81,0.3
WRS425,UPPER TWIN LAKE AND LOWER TWIN LAKE,N,Canada,ON,N,50.18333333,-86.7,298,-0.168089437,11,6,,,,,,,,,58.10243948,103.1195139,423.63,
WRS428,WASCANA LAKE,N,Canada,SK,N,50.42886556,-104.6085984,570,3.775203278,1.17,2.4,,2.78,2467.5,10.36,47.4,0.678,1.3,2.7,61.4878059,46.63902524,1061.08,0.3
WRS430,WATSON LAKE,N,Canada,YT,N,60.11666667,-128.8166667,673,-3.164837462,15,12,,,,,,,,,64.27235896,75.66585467,328.38,
WRS431,WEST LYNN LAKE,N,Canada,MB,N,56.84552046,-101.0566838,335,-2.993292747,0.54,3.1,,1.66,316.2,4.31,7.6,2.533,1.36,1.65,52.93983813,53.46097669,435.66,0.3
WRS432,WHITE LAKE,N,Canada,ON,N,48.75081192,-85.62950262,323,1.361382127,60.87,0.1,9.1,8.1,4120.1,171.53,1.2,75.971,3.29,6.2,63.02682967,155.0243922,455.08,1.6
WRS433,WHITE WATER LAKE,N,Canada,ON,N,46.53295903,-81.12682412,263,4.025813079,9.48,6.4,11,60.48,91,26.32,1234.5,0.567,1.99,2.41,65.0414643,156.3536608,520.67,1
WRS434,WILLIAMS LAKE,N,Canada,BC,N,52.18333333,-122.05,564,4.440243983,7,19,25,,,,,,,,67.55203346,68.14390339,236.72,
WRS435,WILLISTON LAKE,N,Canada,BC,N,55.3,-123.1333333,671,1.632317101,1761,43.3,166,,,,,,,,69.11544818,165.7829295,380.94,
WRS437,YORK LAKE,N,Canada,SK,N,51.15280747,-102.4703403,508,1.476016297,3.14,1.9,,6.01,495.3,20.32,756.5,0.092,0.71,3.23,57.19268368,65.41219625,899.95,0.4
WYK2,QINGHAI LAKE STATION NORTH,A,China,,N,36.89084635,100.0500843,3194,0.479878053,4266.55,16.8,26,71600,29604.7,434.23,29456.6,28.133,,1.88,45.69674884,20.29024427,1550.2,18.1
WYK3,BOSTEN LAKE,A,China,,N,41.96934258,87.05416385,1050,9.312601785,961.84,1,,8800,40982.3,250.21,13274.1,7.673,,2.28,46.66422838,13.90731727,2157.73,10.1
WYK4,DAI LAKE,A,China,,N,40.56802083,112.6919056,1218,5.05345535,86.94,1,,236.29,2296.2,44.82,2765.2,0.989,0.73,1.36,33.99918749,14.55609778,459.52,4
SS01,RANDSFJORDEN,E,Norway,,Y,60.52338175,10.35671287,125,3.374593553,138.88,60.9,120,8462.19,3740.5,200.69,1584.5,61.813,8.66,4.8,62.03252138,130.912198,71.59,1.8
SS02,LUNZ,E,Austria,,Y,47.85402778,15.05407306,604,5.793902527,0.48,9,34,4.32,23.2,3.34,90.5,0.553,13.28,1.36,65.91057035,185.8195153,257.09,0.3
SS03,LAKE ILIAMNA,N,United States,AK,Y,59.55920362,-155.1817276,13,0.360162612,2634.62,43.8,301,115310,16869.4,1006.79,3761.5,354.811,,5.53,61.91707394,92.69756217,61.76,15.2
SS04,LAKE GROSVENOR,N,United States,AK,Y,58.70344739,-155.4320863,34,0.26219513,105.99,41,,4344.4,1536.1,136.54,1784.5,28.177,6.53,3.74,61.64390313,132.4000023,77.5,2.9
SS05,TUSTUMENA LAKE,N,United States,AK,Y,60.16757641,-150.834778,30,2.424593539,295.52,42.9,290,12664.72,1780.7,120.55,3151,46.52,5.35,1.98,67.56016441,126.6243923,33.48,5.1
SS06,BECHAROF LAKE,N,United States,AK,Y,57.85300743,-156.2298412,4,2.086585416,1166.38,55.6,92,64795,3385.5,364.88,18553.7,40.42,,3.01,59.05609807,142.4487829,34.36,11.3
SS07,LAKE CLARK,N,United States,AK,Y,60.17266623,-154.4131632,61,-0.555284571,323.28,50.7,322,16375.95,8967.9,277.85,962.3,196.972,6.06,4.36,63.88699251,116.9292706,68.13,3.4
SS08,NAKNEK LAKE,N,United States,AK,Y,58.61273947,-156.0685517,12,1.006707353,585.43,80,586,46834.32,6722.3,442.6,4438.3,122.134,,5.16,59.88455349,87.83170906,50.67,5.1
SS09,SKILAK LAKE,N,United States,AK,Y,60.42868662,-150.4062684,65,0.865447167,98.69,30.5,161,3007.17,3108.2,84.46,258.7,134.545,5.8,2.4,68.10487989,127.58049,46.7,3.1
SS10,LAKE TIEFERSEE,E,Germany,,Y,53.59589383,12.52812673,63,8.877642416,0.61,3,62.5,1.82,15.3,4.06,169.9,0.124,1.27,1.47,80.71544864,126.2926854,62.7,0.4
SS11,BELAUERSEE,E,Germany,,Y,54.10128994,10.252485,27,8.978252196,0.96,5.1,26,4.88,47.2,5.2,81.5,0.693,3.28,1.5,79.4691074,154.5658561,25.68,0.5
