station,lake,long,lat,altitude
ARAI1,LAKE SUWA,138.0837,36.04871,759
ARAK1,LAKE SUWA,138.0837,36.04871,750
ASK01,LAKE MJOSA - KISA-KAPP,11.0239687,60.7709675,121
BB1,MERCER,-90.05923505,46.15989217,482.2
BB2,TURTLE FLAMBEAU FLOWAGE,-90.1374156,46.07498711,479.15
BIR1,LAKE BALATON,17.83831935,46.88183838,104
CFM1,LAKE HILBERT,-88.41238406,45.70807149,447
CS1,ST. REGIS LOWER,-74.29,44.43,493
DD01,SAND LAKE,-92.18,45.92,299
DML1,LEJ DA SAN MUREZZAN,9.846736107,46.49367459,1768
DML2,LEJ DA SILVAPLAUNA,9.793260223,46.44743476,1790.5
DML3,LEJ DA SEGL,9.738537012,46.42035333,1797
DMR1,LAKE MENDOTA,-89.42022411,43.12837789,259.1
DMR2,LAKE MONONA,-89.36644349,43.06709696,257.5
EC01,BASS-PATTERSON LAKE,-91.62915952,45.9448744,348
EK10,VATIANJARVI,25.89999,62.48,89
EK11,LAKE KOIVUJARVI,26.25,63.46666667,130
EK13,LAKE NILAKKA (1429),26.55,63.13333333,102
EK17,LAKE PETAJAVESI (1450),25.2,62.23333333,111
EK18,PETTAMA,25.2,62.11666667,102
EK20,JOUTSJARVI,25.83333333,61.51666667,86
EK25,OULUJARVI,27.33333333,64.33333333,123
EK27,KIVIJARVI,25.16666667,63,118
EK28,LAKE CONSTANCE,9.22,47.67,394
EK3,LAKE KOLIMA (1405),25.75716897,63.2783635,111
EK9,LAKE KIIMASJARVI (1421),25.49830156,62.62761325,107
ETJ1,ANDERSON LAKE,-89.34409,46.17072,520
GAH1,LAKE AUBURN,-70.25056502,44.15068105,79
GAH10,KEZAR LAKE,-70.90120978,44.1934099,114
GAH11,MARANACOOK LAKE,-69.95481882,44.34961978,61
GAH12,MESSALONSKEE LAKE,-69.79217088,44.47680834,69
GAH14,MOOSELOOKMEGUNTIC LAKE,-70.81333274,44.93822091,441
GAH15,PENNESSEEWASSEE (NORWAY) LAKE,-70.58779471,44.23362539,118
GAH16,PONKAPOAG POND,-71.09534586,42.19247613,47
GAH17,PONTOOSUC LAKE,-73.24762999,42.49580119,334
GAH18,PORTAGE LAKE,-68.53429874,46.78790715,183
GAH2,AZISCOHOS LAKE,-71.00692285,45.02761407,456
GAH20,RICHARDSON LAKE,-70.86482964,44.82672408,436
GAH21,SEBAGO LAKE,-70.56620232,43.84484755,80
GAH22,SEBEC LAKE,-69.28187465,45.27895438,96
GAH23,SQUA PAN LAKE,-68.31544831,46.56057412,184
GAH24,SUNAPEE LAKE,-72.05284452,43.37603902,335
GAH25,SWAN LAKE,-68.99475881,44.54411246,59
GAH26,THOMPSON LAKE,-70.48948672,44.06918379,99
GAH27,UMBAGOG LAKE,-71.04762638,44.75973804,378
GAH28,WEST GRAND LAKE,-67.85519026,45.25322196,90
GAH29,LAKE WINNIPESAUKEE,-71.36157983,43.60318312,151
GAH3,CHINA LAKE,-69.57351673,44.43802104,57
GAH4,COBBOSSEECONTEE LAKE,-69.93193143,44.26646315,48
GAH5,DAMARISCOTTA LAKE,-69.48894637,44.13097599,15
GAH6,EAGLE LAKE,-68.59672343,47.06893593,174
GAH7,EMBDEN POND,-69.95236267,44.93873644,124
GAH8,FIRST CONNECTICUT LAKE,-71.24909783,45.09431356,491
GAH9,HOUGHTONS (HOOSICWHISICK) POND,-71.09638889,42.20722222,50
GC1,SKIFF LAKE,-67.53637334,45.81445189,205
GW202,RUNN,15.65327723,60.53042075,106.8
GW240,ORSASJON,14.54801963,61.07247475,159.9
GW341,NACKTEN,14.63117254,62.82382675,323.95
GW369,KALLSJON,12.97718981,63.56777875,380.525
GW484,STORUMAN,16.70974942,65.2615295,350.125
GW512,GOUTA,15.5179385,65.61206525,438.63333
GW592,JUKKASJARVI,20.70512184,67.82508,322.35
HB01,MIRROR LAKE,-71.69299041,43.9436421,213
HMFL,FISHER LAKE,-88.24577,45.91931,396
JB1,DAMARISCOTTA LAKE,-69.5,44.17,16
JD01,LAKE KEGONSA,-89.25144033,42.96564792,256.95
JGL01,SPIRIT LAKE,-95.10176239,43.47709337,427
JGL02,EAST OKOBOJI LAKE,-95.1,43.39,426
JGL03,WEST OKOBOJI LAKE,-95.16,43.39,426
JJM1,ALLEQUASH LAKE,-89.62049582,46.03668734,494.2
JJM10,NORTH TWIN LAKE,-89.1415281,46.04679463,512.67
JJM11,(BIG) LONG LAKE,-91.65017,45.75577,372
JJM13,LAKE KOSHKONONG,-88.9636817,42.87298679,236.53
JJM14,LAKE SHISHEBOGAMA,-89.81884176,45.89739739,479.7
JJM15,LAKE ESCANABA,-89.5865184,46.06422356,502.92
JJM16,LAKE MALLALIEU,-92.73948487,44.98949846,210.92
JJM17,LAKE NEBISH,-89.58883589,46.05142896,502.92
JJM18,LAKE WINGRA,-89.41921729,43.05414937,258.47
JJM19,MYSTERY LAKE,-89.5655,46.05646,506.27
JJM2,BIG MUSKELLUNGE LAKE,-89.62256607,46.01608472,500.3
JJM20,BRADLEY LAKE,-87.28333333,44.91666667,214
JJM21,ROCK LAKE,-88.93175983,43.07774868,252.07
JJM22,SHELL LAKE,-91.89643514,45.732154,370.94
JJM23,SPRUCE LAKE,-89.56701,46.05276,506.58
JJM24,BIG GREEN LAKE,-89.02786819,43.80378675,242.93
JJM25,BLACK OTTER LAKE,-88.637,44.333,238
JJM26,DEVILS LAKE,-89.73209947,43.41687466,293.52
JJM27,LAKE GENEVA,-88.47947845,42.56847127,263.35
JJM28,MAPLE LAKE,-89.72709959,46.14090908,497.74
JJM29,LAKE SUPERIOR,-90.89,46.6,183
JJM3,CRYSTAL BOG,-89.6,46,502
JJM30,LAKE SUPERIOR,-90.81,46.79,183
JJM31,ANVIL LAKE,-89.06448243,45.9442104,516.6
JJM32,LAKE SUPERIOR,-90.89,46.6,182.88
JJM33,LAKE SUPERIOR,-90.81,46.81,182.88
JJM4,CRYSTAL LAKE,-89.61286129,46.00163865,502.1
JJM5,LITTLE ROCK LAKE,-89.70497639,45.99765617,495.61
JJM6,SPARKLING LAKE,-89.70046914,46.00862229,494.8
JJM7,TROUT LAKE,-89.68333333,46.03333333,494
JJM8,TROUT LAKE,-89.66666667,46.03333333,491.8
JJM9,LAKE KEGONSA,-89.25,42.97,256
JK01,OULUJARVI,27.3,64.3,122.7
JK02,LAKE KALLAVESI (4079),27.77,62.83,81.8
JK03,LAKE NASIJARVI (3568),23.75618,61.69841,95.4
JK04,VESIJARVI,25.54,61.18,81.4
JK05,PAIJANNE,25.54,61.18,78.3
JK06,MUURASJARVI (1401),25.3576493,63.5067145,112.2
JK07,KALMARINJARVI (1417),24.99782492,62.778865,129.8
JK08,SUMMASJARVI (1419),25.38871454,62.64480075,108.5
JK09,PIELAVESI - SAVIA (1427),26.67,63.2,102.3
JK10,HANKAVESI - RAUTALAMPI (1436),26.74518901,62.5962525,96.1
JK11,KIVIJARVI,27.74017627,61.01162175,75.2
JK12,LAPPAJARVI - HALKOSAARI (4703),23.72044812,63.1565095,69.5
JK13,KITUSJARVI (3548),24.05533805,62.2827245,116.2
JK14,KUKKIA - PUUTIKKALA (3512),24.66871311,61.32826525,86.6
JK15,LANGELMAVESI,24.15,61.42,84.2
JK16,KIVIJARVI,27.40014422,60.9807595,75.1
JK17,ALA-RIEVELI (1468),26.18039437,61.3055515,77.8
JK18,VESIJARVI,25.65,60.99,111
JK19,JAASJARVI - HARTOLA (1457),26.15,61.61585,92.3
JK20,ALA-KINTAUS (1449),25.36632347,62.291679,154.4
JK21,IISVESI (1433),27.04,62.67,97.9
JK22,PAAJARVI - KARSTULA (1415),24.72974853,62.8555,144.4
JK23,KIVIJARVI,25.13,63.27,130.8
JK24,SAANIJARVI (1403),25.604626,63.4118875,114
JK25,HAUKIVESI,28.61,62.11,75.8
JK26,INARI,28.3,68.85,118.7
JK27,KEVOJARVI,27.01438653,69.75394,75.3
JK28,KILPISJARVI,20.79261835,69.0253405,472.8
JK29,KORVUANJARVI,28.6679415,65.372416,241.8
JK30,KUORTANEENJARVI,23.43126167,62.8337195,75.8
JK31,LENTUA,29.69352715,64.25122875,167.9
JK32,LESTIJARVI,24.72975385,63.531908,140.7
JK33,LIVOJARVI,28.12126372,65.99123575,243.7
JK34,MUTUSJARVI,26.84887281,69.01966425,146.2
JK35,NAAMANKAJARVI,28.30946922,65.1050725,173.5
JK36,OIJARVI,25.90313181,65.63273975,89.8
JK37,OUNASJARVI,23.58705027,68.3755525,286.9
JK38,PAIJANNE,25.56,61.48,78.3
JK39,PEERAJARVI,21.0939238,68.88764225,459.5
JK40,PIELINEN,29.13,63.54,93.7
JK41,POROVESI,27.12763,63.54326,85.8
JK42,REHJA,27.88733,64.20207,137.9
JK43,SAAKSJARVI - NURMIJARVI,24.6742357,60.5075345,99.8
JK44,UNARI,25.73162482,67.1645165,179.8
JK45,VISUVESI,23.93,62.12,96.1
JK46,PALOVESI,23.93334,61.89657,96
JK47,SIMPELEJARVI,29.43413783,61.55384675,68.8
JK48,AHTARINJARVI,24.05,62.76,153.5
JK49,KUIVAJARVI,23.86147,60.78028,96.6
JK50,JERISJARVI,24.11698471,67.90988825,257.6
JK51,SAAKSJARVI - SAAKSKOSKI,22.36855655,61.40496,49
JL1,CROOKED LAKE,-93.73,47.14,482
JL2,MCKINNEY LAKE,-93.53,47.25,393
KMS1,BONAPARTE,-75.39037472,44.14953834,240
KMS10,GEORGE,-73.54988617,43.62497552,97
KMS11,MIRROR,-73.98190169,44.29089457,565
KMS12,MOHONK,-74.15944444,41.76333333,380
KMS14,OTSEGO,-74.89406165,42.75838284,363
KMS15,PLACID,-73.99527778,44.30444444,566
KMS16,ST. REGIS LOWER,-74.25296351,44.4289231,493
KMS17,SARANAC LOWER,-74.18885647,44.30230706,507
KMS18,SCHROON,-73.78163982,43.7593174,246
KMS19,STAR,-75.04257766,44.15633701,442
KMS2,BRANT,-73.7056501,43.71435174,243
KMS20,SYLVIA,-75.41471446,44.25247223,199
KMS21,TITUS,-74.28241645,44.72501172,426
KMS22,TROUT LAKE,-89.66666667,46.05,491.95
KMS23,CASSADAGA LOWER,-79.31722222,42.34583333,398
KMS24,CRANBERRY,-74.81928578,44.1666569,457.2
KMS25,DEEP,-77.57017,43.02253,213
KMS26,GLEN,-75.02111111,41.90361111,398
KMS27,MOHANSIC,-73.80827403,41.27648397,139
KMS4,CHATEAGUAY (LOWER),-74.01823016,44.81846247,399
KMS5,GENEGANTSLET,-75.77498338,42.51634467,454
KMS6,LOON,-77.56753367,42.49296848,518
KMS8,CHAUTAUQUA,-79.42896862,42.17626112,399
KMS9,CHAUTAUQUA,-79.10222222,42.11194444,399
KMSM1,MOOSEHEAD LAKE,-69.70821364,45.6722732,314
LR1,ONEIDA,-75.90521318,43.21011271,112
LR2,CAZENOVIA,-75.87062357,42.95127299,363
MA1,BLACK OAK LAKE,-89.31288092,46.16285325,521
MB1,CLOVER POND,-73.15,41.2,30
MF11,ASHBY LAKE,-77.34766041,45.09137702,353
MF200,LAKE MEMPHREMAGOG,-72.28193232,45.10256145,205
MF203,LAKE NIPISSING,-79.76244,46.24391,192
MF23,BASS LAKE,-79.70443669,45.11016772,228
MF330,RICE LAKE AT INDIAN RIVER,-78.15621817,44.19816993,184
MF98,DORSET LAKES MEAN (MAIN BASIN),-78,45,365
MICH01,SCHOOL SECTION LAKE,-85.27403389,43.59759345,295
MICH02,HOUGHTON LAKE,-84.73796986,44.34937856,346.86
MICH03,GULL LAKE,-85.41073046,42.39937879,268.22
MICH04,DUCK LAKE,-84.78612,42.38561,283.16
MICH05,EAGLE LAKE,-86.02446998,41.80390028,242
MICH06,FAIR LAKE,-85.3322813,42.48542873,280.11
MICH07,DOUGLAS LAKE,-84.7036448,45.58216933,214
MINN1,BIG SANDY,-93.28280041,46.74448608,366
MINN11,FOUNTAIN,-93.37752,43.65612,281
MINN12,MINNETONKA,-93.65330829,44.90994523,283
MINN13,DIAMOND(MAIL),-94.84597996,45.18350857,355
MINN14,BIG KANDI,-93,44.25,370
MINN15,RAINY,-93.26240947,48.72331597,337.72
MINN16,MITAWAN,-91.43355559,47.67789944,522
MINN17,FALL,-91.71288006,47.96359124,397
MINN18,WINSTED,-94.04003388,44.96215104,300
MINN19,SISSETON,-94.46800355,43.65020896,351
MINN2,DETROIT,-95.93333333,46.78333333,406.6
MINN20,MILLE LACS,-93.66004063,46.23791395,381.3
MINN21,SHETEK,-95.69092841,44.1304264,450
MINN22,LIZZIE,-96.01789295,46.63242058,397
MINN23,MINNEWASKA,-95.42802341,45.62358405,346.86
MINN25,KABETOGAMA,-92.69229429,48.4223346,341.07
MINN26,VERMILION,-93.85958416,47.17652466,390.14
MINN27,OSAKIS,-95.1163174,45.90889207,403.25
MINN28,CLEAR,-94.51666667,44.45,310.59
MINN29,WHITE BEAR,-92.98930883,45.07560574,281.94
MINN3,BIG STONE,-96.7038231,45.42797695,293
MINN30,BUFFALO,-93.89420752,45.1626237,275
MINN31,BEMIDJI,-94.84907521,47.50268948,408.13
MINN32,BONE,-92.86083969,45.28629123,274
MINN33,GALPIN,-93.56378872,44.89749689,287.12
MINN34,GREEN,-94.90549365,45.25155165,352.35
MINN35,MCKINNEY,-93.5332932,47.25474162,391.97
MINN36,NORTH LONG,-94.2447053,46.43918064,360
MINN37,PEPIN,-92.43333333,44.55,205
MINN38,SHAGAWA,-91.88898082,47.91215441,404
MINN39,LOWER PRIOR,-93.41108,44.73465,272
MINN4,WACONIA,-93.78490325,44.86902272,289
MINN40,KABEKONA,-94.76893341,47.16659261,392
MINN41,LAX,-91.29666312,47.34571031,386
MINN42,PRIOR,-93.44584,44.71361,272
MINN5,LEECH,-94.37896,47.14375,395.02
MINN6,GULL,-94.33396077,46.4617452,360
MINN7,ITASCA,-95.2019727,47.21655361,445
MINN8,GUNFLINT,-90.66752123,48.1005795,469
MINN9,OX,-94.11905169,46.71258613,374
ML01,LAKE VATTERN,14.489715,58.33265875,89
ML02,LAKE VATTERN,14.41,58.03,88
NEUS,LAKE NEUSIEDL,16.75,47.82,88
NG1,LAKE BAIKAL,108.1884226,53.6631347,449
NG2,LAKE GUSINOE,106.33,51,564
PJD1,BALSAM,-78.84152593,44.58410567,256
PJD10,GREEN,-78.62008288,45.11188202,314.6
PJD11,HALIBURTON,-78.4,45.2,360.3
PJD12,HEAD,-78.5165052,45.05004466,317
PJD13,HENDERSON,-77.79331123,44.81033616,313
PJD14,JACKS,-76.93058749,45.29552548,305.4
PJD15,LAKE OF BAYS,-79.0181,45.2833,315
PJD16,LAKE OF BAYS,-79.0667,45.25,315
PJD17,LAKE OF TWO RIVERS,-78.47955137,45.57884931,392.9
PJD18,BIG HAWK,-78.74109599,45.15849457,359.7
PJD19,LONG POND,-76.54957869,44.62886243,178
PJD2,BOSHKUNG,-78.75,45.05,307.5
PJD20,MARBLE,-76.88,45.24,301
PJD21,MUSKOKA,-79.42343767,45.01072511,223.5
PJD22,OBLONG,-78.4333,45.1833,360.3
PJD23,OPEONGO,-78.39051161,45.69468973,403.3
PJD24,PERCY,-78.34962255,45.2074198,388.6
PJD25,ROSSEAU,-79.73049431,45.18012548,225
PJD26,SCUGOG,-78.82627069,44.18883575,249.9
PJD27,SHABOMEKA,-77.13414811,44.8937185,273
PJD28,SIMCOE,-79.6833,44.3833,256
PJD29,SMOKE,-78.68207407,45.51792539,421
PJD3,CANOE,-78.71889901,45.55404319,420.3
PJD30,ST NORA,-78.8334077,45.15506612,332.8
PJD31,STONEY,-78.1,46.17,279
PJD32,TEMISKAMING,-79.4056019,47.06136196,174
PJD33,TWELVE MILE,-78.7167,45.0167,307.5
PJD4,CHEMONG,-78.40556979,44.45919467,246
PJD5,CHESLEY,-81.22296301,44.55413595,224
PJD6,COUCHICHING,-79.3684,44.6683,218.8
PJD7,DRC LAKES,-78.93,45.22,316
PJD8,EAGLE,-78.5167,45.1333,348.1
PJD9,GOLD,-78.28147952,44.72880452,295
RA1,LAKE MUEGGELSEE,13.65000026,52.43696615,32.37
RA2,NEHMITZSEE,12.98446345,53.13455519,59
RA3,STECHLINSEE,13.03,53.17,65
RAA1,LAKE EIRIE,-78.9,42.88,173.74
RAA2,LAKE SUPERIOR,-90.88,46.67,183
RAA3,LAKE MICHIGAN,-85.61666667,44.75,176.45
RAA4,LAKE MICHIGAN,-87.64,45,176.45
RAA5,LAKE ONTARIO,-79.45,43.65,99
RB13,KEITELE SE,26.4,62.76666667,99
RB14,KEITELE SW,25.83333333,62.56666667,99
RB18,VATIANJARVI,25.89999,62.48,83
RB19,LAKE KOIVUJARVI,26.26149,63.50447,131
RB2,RUKAVESI S,30.23333333,62.9,94
RB20,KOSKIVESI W,26.71666667,62.96666667,98
RB22,NIINIVESI W,26.75474,62.78378,98
RB23,KIESIMA W,26.51666667,62.76666667,101
RB24,POHJOIS KONNEVESI W,26.4,62.76666667,95
RB25,KONNEVESI W,26.35,62.61666667,95
RB26,VANGINVESI E,26.23333333,62.56666667,90
RB27,KYNSIVESI W,26.25936,62.40342,88
RB28,KUUHANKAVESI S,26.39597084,62.35119475,99
RB3,HOYTIAINEN S,29.69260778,62.869664,87
RB30,PETAJAVESI N,25.16666667,62.25,111
RB31,PETTAMA,25.16666667,62.06666667,103
RB32,ISOJARVI W,25.03625528,61.70834175,119
RB34,JOUTSJARVI,25.85,61.51666667,85
RB38,KYYVESI E,27.08213804,62.00121175,101
RB39,PYHAVESI E,26.92726149,61.40828075,82
RB4,ORIVESI SE,29.88333333,62.1,75
RB40,VUOHIJARVI E,26.79141077,61.2861995,77
RB42,LOHJANJARVI E,23.96158096,60.25189425,32
RB43,LANGELMAVESI,24.15,61.43333333,84
RB45,JALANTIJARVI E,23.74204762,61.163927,83
RB47,PIHLAJAVESI SE,24.24981593,62.35383625,139
RB48,SINERVAJARVI NW,24.812761,62.39425525,139
RB49,UKONSELKA E,24.43942349,62.1418225,106
RB5,MAANINKAJARVI NE,27.23333333,63.21666667,82
RB50,PALOSELKA E,24.46666667,62.01666667,96
RB51,LEPPASJARVI E,23.07758628,61.9178735,101
RB52,JAMIJARVI E,22.65952876,61.8063935,101
RB53,KYROSJARVI W,23.09309838,61.78630625,83
RB56,EVIJARVI S,23.47519748,63.41310875,61
RB57,AITTOSELKA E,29.00138142,64.19231625,160
RB58,NUASJARVI N,28.08605,64.15193,138
RB60,PORTIMOJARVI W,23.93137349,66.37136925,63
RB61,IIJARVI SW,27.61666667,69.38333333,193
RB62,INARI,28.4,69.05,119
RB7,OSMAJARVI N,27.7416392,62.4183645,79
RB8,PIHLAJAVESI N,28.83333333,61.86666667,76
RB9,SAIMAA S,28.26666667,61.08333333,76
RH1,RANGELEY LAKE,-70.69902668,44.94957973,463
SCH1,RAWSON LAKE,-93.71666667,49.65,304
TB01,LAKE ERKEN,18.56582286,59.844725,11.1
USGS1,LAKE CHAMPLAIN,-73.33,44.5,29
VSV1,LAKE BAIKAL,107.5,53.5,511
VSV10,LAKE GUSINOYE,106.4234276,51.19970405,550
VSV11,LAKE JACK LONDON,149.5468745,62.07291667,802
VSV12,LAKE KHANTAYSKOYE,91.68958479,68.36675008,73
VSV13,LAKE KUBENSKOYE (PESKI),39.53982,59.53351,105
VSV14,LAKE LATCHA,38.74854466,61.32708333,118
VSV15,LAKE B.LEPRINDO,117.50898,56.61743,984
VSV16,LAKE M.DARPIR,147.9854808,64.14373711,819
VSV17,LAKE NICHATKA,117.53266,57.62684,560
VSV18,LAKE NYAKSHINGDA,93.53625309,67.00499268,272
VSV19,LAKE SENEZHSKOYE,37.00696144,56.21050212,190
VSV2,LAKE IMANDRA,33.11725251,67.72290175,127
VSV20,LAKE SHAKSHINSKOYE,112.7353799,52.15625,963
VSV21,LAKE SHIRA,90.20326894,54.50861111,390
VSV22,LAKE SOSNOVOYE,111.5287941,52.55646905,950
VSV23,LAKE SUUREEN-KUEL,130.41,65,731
VSV24,LAKE TAYMYR,101.276011,74.52404446,6
VSV25,LAKE TCHALPAN,91.3,53.2,296
VSV26,LAKE TCHUKCHAGIRSKOYE,130.36,52,70
VSV27,LAKE ULAKHAN-KUEL,120,60.4,78
VSV29,LAKE TELETSKOYE,87.66884552,51.57168172,435
VSV3,LAKE ARAKHLEY,112.8778394,52.20694444,967
VSV30,LAKE BOLSHIE CHANY,60.54,55.33,242
VSV31,LAKE KULUNDINSKOYE,79.57522114,52.97972222,95
VSV32,LAKE UBINSKOYE,80.04726506,55.47094699,120
VSV33,LAKE SARTLAN,78.5976824,54.98043958,110
VSV34,LAKE UVILDY,60.48999079,55.53485569,275
VSV35,LAKE ARGAYASH,60.91717229,55.48958876,243
VSV36,LAKE LADOGA,31.6291089,60.84168769,5
VSV37,LAKE ONEGA,35.25640261,61.88541667,33
VSV38,LAKE ILMEN,31.30041423,58.27319716,18
VSV39,LAKE TCHUDSKO-PSKOVSKOYE,27.48355062,58.42791667,30
VSV4,LAKE AZAS,96.50717836,52.39135159,941
VSV40,LAKE SYABERO,29.15864,58.81276,45
VSV41,LAKE SYAMOZERO,33.18325069,61.94791531,108
VSV42,LAKE LOVOZERO,35.18198326,67.86366916,153
VSV43,LAKE UMBOZERO,34.4052988,67.71041667,152
VSV44,LAKE ASLI-KUL,54.57873,54.31316,205
VSV46,LAKE ONEGA,35.45,61.3,107
VSV5,LAKE BAIKAL,104.25,52.8,635
VSV6,LAKE BARUN-TOREY,115.8089656,50.06971951,598
VSV7,LAKE BAUNT,113.0076726,55.20597222,1065
VSV8,LAKE BAIKAL,109.47,53,906
VSV9,LAKE EMANDGA,135.737,65.26671,672
WPS01,BLACK OTTER LAKE,-88.637,44.333,240.18
WPS02,CLEAR LAKE,-88.97973798,42.7996525,250
WPS03,LAKE KEGONSA,-89.25,42.97,256
WPS04,WEST BAY LAKE,-89.43,46.2,512
WRS190,ADIES LAKE,-57.43,49.17,34
WRS191,AISHIHIK LAKE,-137.1031904,61.40847166,936
WRS192,ALLEN LAKE,-130,58.41666667,231
WRS193,ALLUMETTE LAKE,-77.30101234,45.97959088,104
WRS194,ALTA LAKE,-122.9808607,50.11350083,641
WRS195,ANAHIM LAKE,-125.34947,52.50532,1083
WRS196,ATHAPAPUSKOW LAKE,-101.6544849,54.62191537,290
WRS197,ATLIN LAKE,-135.07,60.72,669
WRS198,ATLIN LAKE,-135.07,60.72,629
WRS199,ATTAWAPISKAT LAKE,-87.88040441,52.24489102,240
WRS200,ATTILA LAKE,-77.7,53.63,105
WRS201,BACK BAY,-114.45,62.47,260
WRS202,BAGNELL LAKE,-85.67,68.3,337
WRS203,BAKER LAKE,-95.16335496,64.12976834,2
WRS204,BALLENDEN LAKE,-88.62221565,68.5334933,129
WRS205,BARROW LAKE,-89.53179451,68.41002016,81
WRS206,KENOGAMISIS LAKE,-86.86118,49.70625,313
WRS207,BASS LAKE,-79.50919142,44.60202274,249
WRS208,BAY OF QUINTE,-77.53,44.12,84
WRS209,BEAR LAKE,-118.93826,55.22172,660
WRS210,LAKE HURON,-79.87,44.85,216
WRS211,BEAVERLODGE LAKE,-108.5557784,59.51210756,240
WRS212,BIG QUILL LAKE,-104.3614131,51.88152967,510
WRS213,BIG TROUT LAKE,-90.06008218,53.78206909,206
WRS214,BIGWOOD LAKE,-91.89341213,50.11316662,372
WRS215,BROCHET BAY OF REINDEER LAKE,-101.68,57.88,337
WRS216,BURNS LAKE,-125.7297347,54.20496152,697
WRS217,LAC CACHE,-74.41248,49.83469,417
WRS218,CANOE LAKE,-108.26149,55.1545,451
WRS219,CARMI LAKE,-119.08,49.5,1230
WRS220,CHARLIE LAKE,-120.95487,56.27729,701
WRS221,CHURCHILL LAKE,-108.3329938,55.97592039,415
WRS222,CLEARWATER LAKE,-101.0797116,54.06372583,257
WRS223,COLD LAKE,-110.0722695,54.53806804,531
WRS224,LAKE HURON,-81.1,44.75,220
WRS225,CONTWOYTO LAKE,-110.5832805,65.59645778,435
WRS226,CRANBERRY LAKES,-101.1162302,54.56788482,294
WRS227,CREE LAKE - CABLE BAY,-107.13,57.35,484
WRS228,CROOKED LAKE,-126.4288144,59.9121886,556
WRS229,DAUPHIN LAKE,-99.77563912,51.28021069,258
WRS230,DEADMANS POND,-54.53754457,48.92665742,118
WRS231,DEASE LAKE,-131,58.42,1203
WRS232,DEER LAKE,-57.57219811,49.09380279,5
WRS233,DEWAR LAKES,-71.17,68.65,451
WRS234,DIEFENBAKER LAKE,-106.9076225,50.95254327,551
WRS235,DOG POND LAKE,-90.72,63.33,1
WRS236,EKAPO LAKE,-102.5724065,50.32302423,587
WRS237,ELDON LAKE,-101.0137042,56.80917447,327
WRS238,ENNADAI LAKE,-101.3829192,60.99052411,303
WRS239,ETTLE DAM RESERVIOR,-94.7,56.35,79
WRS240,FARNSWORTH LAKE,-94.05643858,58.68908071,13
WRS241,FENOR LAKE,-79.02472401,69.0869227,27
WRS242,FORT WILLIAM HARBOUR,-89.32,48.37,202
WRS243,FRAME LAKE,-114.3900686,62.45389539,186
WRS244,FRESH WATER LAKE,-118.5,72.77,1
WRS245,LAKE HURON,-79.87,44.85,216
WRS246,GILMAN LAKE,-74.34697,49.9114,394
WRS247,GLENMORE RESERVOIR   ELBOW RIVER,-114.02,51.12,1076
WRS248,GOLDEN LAKE,-77.35970573,45.57614346,167
WRS249,GOSHEN LAKE,-61.97722536,45.37677712,75
WRS250,GRACE LAKE,-101.1653297,53.8251327,257
WRS251,GRAHAM LAKE,-90.56663095,49.25875425,484
WRS252,GRAND LAKE,-60.12862,46.16428,27
WRS253,GREAT BEAR LAKE,-120.3774395,65.91122797,145
WRS254,GREAT SLAVE LAKE,-110.73,62.4,156
WRS255,GREAT SLAVE LAKE,-111.17,62.72,156
WRS256,GREAT SLAVE LAKE,-110.17,62.72,306
WRS257,GREAT SLAVE LAKE,-109.17,62.72,157
WRS258,GREAT SLAVE LAKE,-113.2586476,61.88364839,148
WRS259,GULL LAKE,-79.34731494,44.911702150000004,249
WRS260,LAKE ONTARIO,-79.93,43.17,228
WRS261,HEMING LAKE,-101.1251688,54.8897899,330
WRS262,HOURGLASS LAKE,-124.0769332,52.12179762,903
WRS263,INDIAN HOUSE LAKE,-64.73684169,56.09845063,298
WRS264,LAKE EIRIE,-80.33,42.87,229
WRS265,ISLAND LAKE,-94.15890446,53.84896408,225
WRS266,JACKFISH LAKE,-114.2373152,53.48548564,729
WRS267,KALAMALKA LAKE,-119.2833333,50.23333333,395
WRS268,KEJIMKUJIK LAKE,-65.2369548,44.37200053,88
WRS269,KENOGAMISIS LAKE,-86.86118,49.70625,327
WRS270,KLUANE LAKE,-138.7837772,61.31808889,768
WRS271,KNOB LAKE,-66.81666667,54.8,508
WRS272,KOOTENAY LAKE,-116.8865892,49.71459045,530
WRS273,LAC A LA TRUITE,-57.17668557,51.4649692,16
WRS274,LAC AUX BOULEAUX,-57.1769879,51.45371165,19
WRS275,LAC BLOUIN,-77.74608617,48.17561471,291
WRS276,LAC CACHE,-74.41248,49.83469,379
WRS277,LAC DE MONTIGNY,-77.90249535,48.05746514,291
WRS278,LAC DE MORHIBAR,-62.88,51.83,576
WRS279,LAC DES SABLES,-74.30211621,46.04286361,375
WRS280,LAC LA BICHE,-112.0763355,54.86460788,537
WRS281,LAC LA CHESNAYE,-68.18653412,49.3249795,62
WRS282,LAC LA RONGE,-104.9716447,55.11384124,360
WRS283,LAC MALFAIT,-67.79,48.57695,333
WRS284,LAC MAUSER,-74.6194696,47.90825076,419
WRS285,LAC ST JEAN,-72.06260198,48.64487237,96
WRS286,WRS286,-63.22034568,55.33393916,470
WRS287,LAKE ALEX,-71.450989,49.265102,299
WRS288,LAKE ATHABASCA,-109.8770332,59.11606266,207
WRS289,LAKE DORE,-74.3763,49.86725,390
WRS290,LAKE ECORCES,-71,48.33,154
WRS291,LAKE EON,-63.29271332,51.8593689,557
WRS292,LAKE EIRIE,-80.57,42.58,183
WRS293,LAKE HA HA,-70.84224767,48.03346246,378
WRS294,LAKE KATHLYN,-127.2051839,54.82393123,498
WRS295,LAKE KENOGAMI,-71.27220194,48.35226215,158
WRS296,KENOGAMISIS LAKE,-86.86118,49.70625,313
WRS297,LAKE LABERGE,-135.1812986,61.17237792,623
WRS298,LAKE LOUISE,-68.82714787,50.65157704,399
WRS299,LAKE MANITOBA,-98.5,50.15,245
WRS300,LAKE MEGANTIC,-70.87758614,45.51477699,392
WRS301,LAKE MINNEWANKA,-115.4603036,51.25635347,1469
WRS302,LAKE NIPISSING,-79.76244,46.24391,188
WRS303,LAKE OF THE WOODS,-94.77504334,49.30013028,320
WRS304,LAKE ONATCHIWAY,-71.05773,49.0385,273
WRS305,LAKE ONTARIO,-76.6,44.22,86
WRS306,LAKE ONTARIO,-77.15,43.98,126
WRS307,LAKE ROSSIGNOL,-65.16175838,44.2090685,81
WRS308,LAKE ST CLAIR,-82.70342626,42.49333207,173
WRS309,LAKE ST. GEORGES,-64.35,49.81666667,5
WRS310,LAKE UTOPIA,-66.78991053,45.17450314,17
WRS311,LAKE WINNIPEG,-97.15389632,52.04460987,215
WRS312,LAKE WINNIPEGOSIS,-99.9392933,52.37561403,251
WRS313,LAKELSE LAKE,-128.5588708,54.38088014,70
WRS314,LANDING LAKE,-97.36118,55.28424,190
WRS315,LESSER SLAVE LAKE,-115.7251909,55.41564546,572
WRS316,LITTLE GILLAM LAKE,-94.7,56.35,79
WRS317,LITTLE KETTLE LAKE,-95.325759,56.128077,164
WRS318,LITTLE LAKE,-85.28131108,48.59777882,370
WRS319,LITTLE PLAYGREEN LAKE,-97.8,54,216
WRS320,LITTLE WABUSH LAKE,-66.87,52.93,602
WRS321,LONG LAKE (ONTARIO),-80.90402,46.71514,327
WRS322,LONG LAKE,-114.45,62.46666667,196
WRS323,LOWER ARROW LAKE (NORTHERN END),-117.804515,50.15827643,429
WRS324,LYNN LAKE,-101.04453,56.83653,335
WRS325,LYNX LAKE,-106.3577902,62.40565436,344
WRS326,MANUAN LAKE,-70.67953081,50.76599789,490
WRS327,MARA LAKE,-119.0134951,50.77184212,348
WRS328,MARSH LAKE,-134.33395,60.51123,655
WRS329,MARYJO LAKE,-66.79915307,54.81630007,507
WRS330,MC LEOD LAKE,-123.03985,54.99179,675
WRS331,MCKENZIE LAKE,-88.9,50.28,332
WRS332,MCLAUGHLIN ROAD RESERVOIR,-64.81501866,46.14863046,47
WRS333,MCTAGGARD LAKE,-119.33,76.23,13
WRS334,MEADOW LAKE,-108.34765,54.11209,469
WRS335,MINNOW LAKE,-80.95655,46.49246,287
WRS336,MISSION LAKE,-90.71666667,63.33333333,7
WRS337,MODULE LAKE,-113.22,68.5,3
WRS338,MOOSE LAKE,-118.9102543,52.9552891,1030
WRS339,MOUNT HYDE LAKE,-64.13092801,53.55849212,418
WRS340,MUNCHO LAKE,-125.7770347,58.99388694,819
WRS342,TESLIN LAKE,-132.75,60.17,683
WRS343,NITA LAKE,-122.9951723,50.09948592,641
WRS344,NITCHEQUON LAKE,-71.03903892,53.11639696,527
WRS345,NUKKO LAKE,-123.00959,54.0722,924
WRS346,NYM LAKE,-91.46938891,48.69312627,425
WRS347,OBA LAKE,-84.29181,48.63629,341
WRS348,OKANAGAN LAKE,-119.4942393,49.92525777,342
WRS349,OKANAGAN LAKE,-119.28,50.23,402
WRS350,ONE EYE LAKE,-124.9019824,51.96925686,901
WRS351,PELICAN LAKE,-91.93946441,50.07973451,355
WRS352,PICKLE LAKE,-90.21666667,51.45,353
WRS353,PICNIC LAKE,-85.26819437,48.60990537,368
WRS354,LAKE ONTARIO,-77.15,43.98,126
WRS355,PILING LAKE,-75.28,68.93,40
WRS356,PLATEAU LAKE,-91.47768019,48.73952642,433
WRS357,PLAYGREEN LAKE,-98.13644,53.89415,215
WRS358,POLICE LAKE,-90.72,63.03,1
WRS359,LAKE SUPERIOR,-89.32,48.37,202
WRS360,PORTAGE BAY,-98.79889,51.67219,248
WRS361,PRIMROSE LAKE,-109.7358464,54.90246038,595
WRS362,PRINGLE LAKE,-61.95004903,45.37625477,70
WRS363,RAMSEY LAKE,-80.93212519,46.47342183,246
WRS364,RANDOLPH LAKE,-88.9573025,50.276216,320
WRS365,RED INDIAN LAKE,-56.91326013,48.69200103,153
WRS366,RED LAKE - BRUCE CHANNEL,-93.8,51.07,378
WRS367,REMI LAKE,-82.15046719,49.42386522,225
WRS368,RESOLUTE LAKE,-94.94524481,74.68890318,9
WRS369,GREAT SLAVE LAKE,-113.68,61.18,201
WRS370,RICE LAKE,-95.66666667,51.03333333,250
WRS371,ROBERTSON BAY ON LITTLE PLAYGREEN L,-97.8,54,216
WRS372,ROBERTSON LAKE,-65.88,45.32,91
WRS373,SALMON ARM HARBOUR (SHUSWAP LAKE),-119.23,50.7,512
WRS374,SARCPA LAKE,-83.3571038,68.53769551,153
WRS375,SCHIST LAKE,-101.68,54.68,300
WRS376,SETTING LAKE,-98.63624467,54.98551505,222
WRS377,SHUSWAP LAKE,-119.1156817,50.97026513,348
WRS378,SKAHA LAKE,-119.5806224,49.39894188,335
WRS379,SMALL LAKE,-57.18,51.45,11
WRS380,SMALL LAKE NEAR STATION,-64.65,61.58,30
WRS381,SONA LAKE,-64.02338296,53.59301502,444
WRS382,LAKE HURON,-82.02,45.58,190
WRS383,STEEP ROCK LAKE,-91.67027399,48.79564581,389
WRS384,STOCO LAKE,-77.29468255,44.46353607,136
WRS385,STUART LAKE,-124.590852,54.56183789,678
WRS386,SUGAR LAKE,-118.516484,50.40102716,600
WRS387,SUMMIT LAKE,-124.6670219,58.64726165,1280
WRS388,SWAN LAKE,-119.2572087,50.31662202,387
WRS389,TARDIF LAKE,-73.2,68.62,66
WRS390,TEMISCOUATA LAKE,-68.86915174,47.68990327,147
WRS391,TESLIN LAKE,-132.3988715,59.97152733,683
WRS392,LAKE SUPERIOR,-89.32,48.37,202
WRS393,TOOKENAY LAKE,-85.28,48.6,383
WRS394,LAKE ONTARIO,-79.4,43.63,75
WRS395,TROUT LAKE,-79.34309193,46.31709024,201
WRS396,WRS396,-140.18,69.58,19
WRS397,WRS397,-122.58,58.83,260
WRS398,WRS398,-131.4,69.93,10
WRS399,WRS399,-77.19581274,69.23097357,8
WRS400,WRS400,-64.13,63.33,123
WRS401,WRS401,-64.03,67.55,12
WRS402,WRS402,-109.07,68.75,67
WRS403,WRS403,-66.8,68.47,1
WRS404,WRS404,-118.63,69.2,20
WRS405,WRS405,-120.8,69.58,88
WRS406,WRS406,-57.58,50.23,1
WRS407,WRS407,-71.17,68.65,451
WRS409,WRS409,-97.8,68.67,22
WRS410,WRS410,-100.0740808,68.3115483,12
WRS411,WRS411,-117.78,70.73,-9999
WRS412,WRS412,-126.93,70.02,1
WRS413,WRS413,-101.73,68.65,-9999
WRS414,WRS414,-75.28,68.93,40
WRS415,WRS415,-95.32,68.83,25
WRS416,WRS416,-120.33,76.23,82
WRS417,WRS417,-128.97,69.93,63
WRS418,WRS418,-61.87,47.38,14
WRS419,WRS419,-111.1,68.58,-9999
WRS420,WRS420,-124.73,71.95,30
WRS421,WRS421,-93.43,68.82,28
WRS422,WRS422,-137.22,68.95,-9999
WRS423,WRS423,-133.03,69.43,-9999
WRS424,UPPER DUMBELL LAKE,-62.33,82.5,1
WRS425,UPPER TWIN LAKE,-86.7,50.18333333,298
WRS426,WABUSH LAKE,-66.87,52.93,602
WRS427,WACOUNO LAKE,-66.27,50.22,10
WRS428,WASCANA LAKE,-104.6085984,50.42886556,570
WRS429,WATER LAKE,-89.72,68.43,213
WRS430,WATSON LAKE,-128.8166667,60.11666667,673
WRS431,WEST LYNN LAKE,-101.0566838,56.84552046,335
WRS432,WHITE LAKE,-85.62950262,48.75081192,323
WRS433,WHITE WATER LAKE,-81.12682412,46.53295903,263
WRS434,WILLIAMS LAKE,-122.07128,52.11761,564
WRS435,WILLISTON LAKE,-123.1333333,55.3,671
WRS436,WINTER HOUSE POND,-57.58,50.23,1
WRS437,YORK LAKE,-102.4703403,51.15280747,508
WSTA1,LAKE SUWA,138.0837,36.04871,750
WYK1,QINGHAI LAKE,100.33,37,3176
WYK2,QINGHAI LAKE,100.0500843,36.89084635,3194
WYK3,BOSTEN LAKE,87.05416385,41.96934258,1050
WYK4,DAI LAKE,112.6919056,40.56802083,1218
YATSU1,LAKE SUWA,138.0837,36.04871,750
